{
  "facilities": [
    {
      "id": "hospital-0",
      "name": "White River Medical Center",
      "type": "Hospital",
      "address": "1710 Harrison Street",
      "city": "Batesville",
      "county": "Independence",
      "zip": "72501",
      "latitude": 35.7267,
      "longitude": -91.4918,
      "ruralAreaId": "05063"
    },
    {
      "id": "hospital-1",
      "name": "Johnson Regional Medical Center",
      "type": "Hospital",
      "address": "1100 East Poplar Street",
      "city": "Clarksville",
      "county": "Johnson",
      "zip": "72830",
      "latitude": 35.5267,
      "longitude": -93.3918,
      "ruralAreaId": "05071"
    },
    {
      "id": "hospital-2",
      "name": "Izard Regional Hospital, LLC",
      "type": "Hospital",
      "address": "61 Grasse Street",
      "city": "Calico Rock",
      "county": "Izard",
      "zip": "72519-9056",
      "latitude": 36.0967,
      "longitude": -91.9401,
      "ruralAreaId": "05065"
    },
    {
      "id": "hospital-3",
      "name": "Ouachita County Medical Center",
      "type": "Hospital",
      "address": "638 California Avenue",
      "city": "Camden",
      "county": "Ouachita",
      "zip": "71701",
      "latitude": 33.6017,
      "longitude": -92.8918,
      "ruralAreaId": "05103"
    },
    {
      "id": "hospital-5",
      "name": "Baxter Health",
      "type": "Hospital",
      "address": "624 Hospital Drive",
      "city": "Mountain Home",
      "county": "Baxter",
      "zip": "72653",
      "latitude": 36.3156,
      "longitude": -92.3918,
      "ruralAreaId": "05005"
    },
    {
      "id": "hospital-7",
      "name": "South Arkansas Regional Hospital",
      "type": "Hospital",
      "address": "700 West Grove Street",
      "city": "El Dorado",
      "county": "Union",
      "zip": "71730",
      "latitude": 33.2328,
      "longitude": -92.6401,
      "ruralAreaId": "05139"
    },
    {
      "id": "hospital-8",
      "name": "Arkansas Methodist Medical Center",
      "type": "Hospital",
      "address": "900 West Kingshighway",
      "city": "Paragould",
      "county": "Greene",
      "zip": "72450",
      "latitude": 36.1356,
      "longitude": -90.5557,
      "ruralAreaId": "05055"
    },
    {
      "id": "hospital-9",
      "name": "CrossRidge Community Hospital",
      "type": "Hospital",
      "address": "310 South Falls Boulevard",
      "city": "Wynne",
      "county": "Cross",
      "zip": "72396",
      "latitude": 35.2917,
      "longitude": -90.7879,
      "ruralAreaId": "05037"
    },
    {
      "id": "hospital-11",
      "name": "DeWitt Hospital & Nursing Home, Inc.",
      "type": "Hospital",
      "address": "1641 South Whitehead Drive",
      "city": "DeWitt",
      "county": "Arkansas",
      "zip": "72042",
      "latitude": 34.2739,
      "longitude": -91.3468,
      "ruralAreaId": "05001"
    },
    {
      "id": "hospital-12",
      "name": "Dallas County Medical Center",
      "type": "Hospital",
      "address": "201 Clifton Street",
      "city": "Fordyce",
      "county": "Dallas",
      "zip": "71742",
      "latitude": 33.9556,
      "longitude": -92.6401,
      "ruralAreaId": "05039"
    },
    {
      "id": "hospital-15",
      "name": "St. Mary's Regional Medical Center",
      "type": "Hospital",
      "address": "1808 West Main Street",
      "city": "Russellvillle",
      "county": "Pope",
      "zip": "72801",
      "latitude": 35.4267,
      "longitude": -93.0557,
      "ruralAreaId": "05115"
    },
    {
      "id": "hospital-17",
      "name": "Jefferson Regional Medical Center",
      "type": "Hospital",
      "address": "1600 West 40th Avenue",
      "city": "Pine Bluff",
      "county": "Jefferson",
      "zip": "71603",
      "latitude": 34.2328,
      "longitude": -91.9401,
      "ruralAreaId": "05069"
    },
    {
      "id": "hospital-18",
      "name": "Baptist Health Medical Center - Arkadelphia",
      "type": "Hospital",
      "address": "3050 Twin Rivers Drive",
      "city": "Arkadelphia",
      "county": "Clark",
      "zip": "71923",
      "latitude": 34.0917,
      "longitude": -93.1154,
      "ruralAreaId": "05019"
    },
    {
      "id": "hospital-19",
      "name": "Fulton County Hospital",
      "type": "Hospital",
      "address": "679 North Main Street",
      "city": "Salem",
      "county": "Fulton",
      "zip": "72576",
      "latitude": 36.3951,
      "longitude": -91.7879,
      "ruralAreaId": "05049"
    },
    {
      "id": "hospital-20",
      "name": "Ozark Health",
      "type": "Hospital",
      "address": "2500 Highway 65 South",
      "city": "Clinton",
      "county": "Van Buren",
      "zip": "72031",
      "latitude": 35.5967,
      "longitude": -92.3918,
      "ruralAreaId": "05141"
    },
    {
      "id": "hospital-21",
      "name": "Ashley County Medical Center",
      "type": "Hospital",
      "address": "1015 Unity Road",
      "city": "Crossett",
      "county": "Ashley",
      "zip": "71635",
      "latitude": 33.2025,
      "longitude": -91.7879,
      "ruralAreaId": "05003"
    },
    {
      "id": "hospital-25",
      "name": "Bradley County Medical Center",
      "type": "Hospital",
      "address": "404 South Bradley Street",
      "city": "Warren",
      "county": "Bradley",
      "zip": "71671",
      "latitude": 33.4539,
      "longitude": -92.2401,
      "ruralAreaId": "05011"
    },
    {
      "id": "hospital-26",
      "name": "Piggott Community Hospital",
      "type": "Hospital",
      "address": "1206 Gordon Duckworth Drive",
      "city": "Piggott",
      "county": "Clay",
      "zip": "72454",
      "latitude": 36.3951,
      "longitude": -90.3468,
      "ruralAreaId": "05021"
    },
    {
      "id": "hospital-27",
      "name": "Mena Regional Health System",
      "type": "Hospital",
      "address": "311 North Morrow Street",
      "city": "Mena",
      "county": "Polk",
      "zip": "71953",
      "latitude": 34.5017,
      "longitude": -94.2701,
      "ruralAreaId": "05113"
    },
    {
      "id": "hospital-28",
      "name": "Forrest City Medical Center",
      "type": "Hospital",
      "address": "1601 Newcastle Road",
      "city": "Forrest City",
      "county": "St. Francis",
      "zip": "72335",
      "latitude": 34.9556,
      "longitude": -90.7879,
      "ruralAreaId": "05123"
    },
    {
      "id": "hospital-29",
      "name": "Delta Memorial Hospital",
      "type": "Hospital",
      "address": "811 Highway 65 South",
      "city": "Dumas",
      "county": "Desha",
      "zip": "71639",
      "latitude": 33.8739,
      "longitude": -91.2701,
      "ruralAreaId": "05041"
    },
    {
      "id": "hospital-31",
      "name": "Baptist Health Medical Center - Heber Springs",
      "type": "Hospital",
      "address": "1800 Bypass Road",
      "city": "Heber Springs",
      "county": "Cleburne",
      "zip": "72543",
      "latitude": 35.5267,
      "longitude": -92.0154,
      "ruralAreaId": "05023"
    },
    {
      "id": "hospital-34",
      "name": "Advanced Care Hospital of White County",
      "type": "Hospital",
      "address": "1200 South Main Street",
      "city": "Searcy",
      "county": "White",
      "zip": "72143",
      "latitude": 35.2917,
      "longitude": -91.7318,
      "ruralAreaId": "05145"
    },
    {
      "id": "hospital-36",
      "name": "North Arkansas Regional Medical Center",
      "type": "Hospital",
      "address": "620 North Main Street",
      "city": "Harrison",
      "county": "Boone",
      "zip": "72601",
      "latitude": 36.2967,
      "longitude": -93.1154,
      "ruralAreaId": "05009"
    },
    {
      "id": "hospital-39",
      "name": "Baptist Health Medical Center-Stuttgart",
      "type": "Hospital",
      "address": "1703 North Buerkle Road",
      "city": "Stuttgart",
      "county": "Arkansas",
      "zip": "72160-1905",
      "latitude": 34.2739,
      "longitude": -91.3468,
      "ruralAreaId": "05001"
    },
    {
      "id": "hospital-41",
      "name": "Great River Medical Center",
      "type": "Hospital",
      "address": "1520 North Division Street",
      "city": "Blytheville",
      "county": "Mississippi",
      "zip": "72315-1448",
      "latitude": 35.8356,
      "longitude": -90.1154,
      "ruralAreaId": "05093"
    },
    {
      "id": "hospital-42",
      "name": "South Mississippi County Regional Medical Center",
      "type": "Hospital",
      "address": "611 West Lee Avenue",
      "city": "Osceola",
      "county": "Mississippi",
      "zip": "72370",
      "latitude": 35.8356,
      "longitude": -90.1154,
      "ruralAreaId": "05093"
    },
    {
      "id": "hospital-43",
      "name": "Howard Memorial Hospital",
      "type": "Hospital",
      "address": "130 Medical Circle",
      "city": "Nashville",
      "county": "Howard",
      "zip": "71852",
      "latitude": 34.0917,
      "longitude": -94.1154,
      "ruralAreaId": "05061"
    },
    {
      "id": "hospital-47",
      "name": "McGehee Hospital",
      "type": "Hospital",
      "address": "900 South Third Street",
      "city": "McGehee",
      "county": "Desha",
      "zip": "71654-2526",
      "latitude": 33.8739,
      "longitude": -91.2701,
      "ruralAreaId": "05041"
    },
    {
      "id": "hospital-48",
      "name": "Arkansas Department of Correction - Ouachita River Unit Inpatient Care Facility",
      "type": "Hospital",
      "address": "100 Walco Lane",
      "city": "Malvern",
      "county": "Hot Spring",
      "zip": "72104",
      "latitude": 34.2917,
      "longitude": -92.8918,
      "ruralAreaId": "05059"
    },
    {
      "id": "hospital-49",
      "name": "Mercy Hospital Berryville",
      "type": "Hospital",
      "address": "214 Carter Street",
      "city": "Berryville",
      "county": "Carroll",
      "zip": "72616-4303",
      "latitude": 36.3967,
      "longitude": -93.5488,
      "ruralAreaId": "05015"
    },
    {
      "id": "hospital-51",
      "name": "",
      "type": "Hospital",
      "address": "2001 South Main",
      "city": "Hope",
      "county": "Hempstead",
      "zip": "71801-8124",
      "latitude": 33.7739,
      "longitude": -93.6401,
      "ruralAreaId": "05057"
    },
    {
      "id": "hospital-53",
      "name": "Baptist Health Medical Center - Drew County",
      "type": "Hospital",
      "address": "778 Scogin Drive",
      "city": "Monticello",
      "county": "Drew",
      "zip": "71655",
      "latitude": 33.6017,
      "longitude": -91.7318,
      "ruralAreaId": "05043"
    },
    {
      "id": "hospital-54",
      "name": "Chambers Memorial Hospital",
      "type": "Hospital",
      "address": "719 Detroit Street",
      "city": "Danville",
      "county": "Yell",
      "zip": "72833-0639",
      "latitude": 35.1356,
      "longitude": -93.3918,
      "ruralAreaId": "05149"
    },
    {
      "id": "hospital-55",
      "name": "Mercy Hospital Paris",
      "type": "Hospital",
      "address": "500 East Academy",
      "city": "Paris",
      "county": "Logan",
      "zip": "72855",
      "latitude": 35.2267,
      "longitude": -93.6401,
      "ruralAreaId": "05083"
    },
    {
      "id": "hospital-56",
      "name": "Mercy Hospital Ozark",
      "type": "Hospital",
      "address": "801 West River Street",
      "city": "Ozark",
      "county": "Franklin",
      "zip": "72949",
      "latitude": 35.5267,
      "longitude": -93.8918,
      "ruralAreaId": "05047"
    },
    {
      "id": "hospital-57",
      "name": "Mercy Hospital Waldron",
      "type": "Hospital",
      "address": "1341 West Sixth Street",
      "city": "Waldron",
      "county": "Scott",
      "zip": "72958",
      "latitude": 35.1356,
      "longitude": -94.1154,
      "ruralAreaId": "05127"
    },
    {
      "id": "hospital-60",
      "name": "Mercy Hospital Booneville",
      "type": "Hospital",
      "address": "880 West Main Street",
      "city": "Booneville",
      "county": "Logan",
      "zip": "72927-3443",
      "latitude": 35.2267,
      "longitude": -93.6401,
      "ruralAreaId": "05083"
    },
    {
      "id": "hospital-61",
      "name": "Stone County Medical Center",
      "type": "Hospital",
      "address": "2106 East Main Street",
      "city": "Mountain View",
      "county": "Stone",
      "zip": "72560",
      "latitude": 35.8356,
      "longitude": -92.1154,
      "ruralAreaId": "05137"
    },
    {
      "id": "hospital-66",
      "name": "Baptist Health Medical Center-Hot Spring County",
      "type": "Hospital",
      "address": "1001 Schneider Drive",
      "city": "Malvern",
      "county": "Hot Spring",
      "zip": "72104-4811",
      "latitude": 34.2917,
      "longitude": -92.8918,
      "ruralAreaId": "05059"
    },
    {
      "id": "hospital-74",
      "name": "Chicot Memorial Medical Center",
      "type": "Hospital",
      "address": "2729 South Highway 65 & 82",
      "city": "Lake Village",
      "county": "Chicot",
      "zip": "71653-6136",
      "latitude": 33.2964,
      "longitude": -91.2701,
      "ruralAreaId": "05017"
    },
    {
      "id": "hospital-75",
      "name": "Little River Memorial Hospital",
      "type": "Hospital",
      "address": "451 West Locke Street",
      "city": "Ashdown",
      "county": "Little River",
      "zip": "71822",
      "latitude": 33.6017,
      "longitude": -94.2701,
      "ruralAreaId": "05081"
    },
    {
      "id": "hospital-78",
      "name": "CHI St. Vincent Morrilton",
      "type": "Hospital",
      "address": "4 Hospital Drive",
      "city": "Morrilton",
      "county": "Conway",
      "zip": "72110-4510",
      "latitude": 35.2267,
      "longitude": -92.8918,
      "ruralAreaId": "05029"
    },
    {
      "id": "hospital-87",
      "name": "Southeast Rehabilitation Hospital",
      "type": "Hospital",
      "address": "905 Borgognoni Drive",
      "city": "Lake Village",
      "county": "Chicot",
      "zip": "71653",
      "latitude": 33.2964,
      "longitude": -91.2701,
      "ruralAreaId": "05017"
    },
    {
      "id": "hospital-95",
      "name": "Lawrence Memorial Hospital",
      "type": "Hospital",
      "address": "1309 West Main",
      "city": "Walnut Ridge",
      "county": "Lawrence",
      "zip": "72476-1430",
      "latitude": 36.0356,
      "longitude": -91.0557,
      "ruralAreaId": "05075"
    },
    {
      "id": "hospital-97",
      "name": "Helena Regional Medical Center",
      "type": "Hospital",
      "address": "1801 Martin Luther King Jr Drive",
      "city": "Helena",
      "county": "Phillips",
      "zip": "72342",
      "latitude": 34.4128,
      "longitude": -90.7043,
      "ruralAreaId": "05107"
    },
    {
      "id": "hospital-100",
      "name": "Dardanelle Regional Medical Center",
      "type": "Hospital",
      "address": "200 North Third Street",
      "city": "Dardanelle",
      "county": "Yell",
      "zip": "72834-4677",
      "latitude": 35.1356,
      "longitude": -93.3918,
      "ruralAreaId": "05149"
    },
    {
      "id": "hospital-102",
      "name": "Unity Health White County Medical Center",
      "type": "Hospital",
      "address": "3214 East Race Avenue",
      "city": "Searcy",
      "county": "White",
      "zip": "72143",
      "latitude": 35.2917,
      "longitude": -91.7318,
      "ruralAreaId": "05145"
    },
    {
      "id": "hospital-103",
      "name": "Unity Health Specialty Care Campus",
      "type": "Hospital",
      "address": "1200 South Main Street ",
      "city": "Searcy",
      "county": "White",
      "zip": "72143",
      "latitude": 35.2917,
      "longitude": -91.7318,
      "ruralAreaId": "05145"
    },
    {
      "id": "hospital-105",
      "name": "St. Bernards Five Rivers Medical Center",
      "type": "Hospital",
      "address": "2801 Medical Center Drive",
      "city": "Pocahontas",
      "county": "Randolph",
      "zip": "72455",
      "latitude": 36.2967,
      "longitude": -91.0557,
      "ruralAreaId": "05121"
    },
    {
      "id": "hospital-108",
      "name": "Eureka Springs Hospital Commission",
      "type": "Hospital",
      "address": "24 Norris Street",
      "city": "Eureka Springs",
      "county": "Carroll",
      "zip": "72632",
      "latitude": 36.3967,
      "longitude": -93.5488,
      "ruralAreaId": "05015"
    },
    {
      "id": "hospital-109",
      "name": "Magnolia Regional Medical Center",
      "type": "Hospital",
      "address": "101 Hospital Drive",
      "city": "Magnolia",
      "county": "Columbia",
      "zip": "71753-2415",
      "latitude": 33.2328,
      "longitude": -93.2088,
      "ruralAreaId": "05027"
    },
    {
      "id": "hospital-113",
      "name": "Unity Health - Newport",
      "type": "Hospital",
      "address": "1205 McLain Street",
      "city": "Newport",
      "county": "Jackson",
      "zip": "72112-3533",
      "latitude": 35.5967,
      "longitude": -91.2088,
      "ruralAreaId": "05067"
    },
    {
      "id": "hospital-114",
      "name": "Sevier County Medical Center",
      "type": "Hospital",
      "address": "960 hwy 71 N",
      "city": "De Queen",
      "county": "Sevier",
      "zip": "71832-9415",
      "latitude": 34.0917,
      "longitude": -94.3918,
      "ruralAreaId": "05133"
    },
    {
      "id": "hospital-117",
      "name": "Jefferson Regional Specialty Hospital",
      "type": "Hospital",
      "address": "1500 W. Holland Avenue",
      "city": "White Hall",
      "county": "Jefferson",
      "zip": "71602",
      "latitude": 34.2328,
      "longitude": -91.9401,
      "ruralAreaId": "05069"
    },
    {
      "id": "rhc-0",
      "name": "Baptist Health-Family Clinic DeWitt",
      "type": "Rural Health Clinic",
      "address": "1703 South Whitehead Drive",
      "city": "DeWitt",
      "county": "Arkansas",
      "zip": "72042",
      "latitude": 34.2739,
      "longitude": -91.3468,
      "ruralAreaId": "05001"
    },
    {
      "id": "rhc-1",
      "name": "Baptist Health-Stuttgart Medical Clinic",
      "type": "Rural Health Clinic",
      "address": "1609 North Medical Drive",
      "city": "Stuttgart",
      "county": "Arkansas",
      "zip": "72160",
      "latitude": 34.2739,
      "longitude": -91.3468,
      "ruralAreaId": "05001"
    },
    {
      "id": "rhc-2",
      "name": "Ferguson Rural Health Clinic",
      "type": "Rural Health Clinic",
      "address": "1641 South Whitehead Drive",
      "city": "DeWitt",
      "county": "Arkansas",
      "zip": "72042",
      "latitude": 34.2739,
      "longitude": -91.3468,
      "ruralAreaId": "05001"
    },
    {
      "id": "rhc-3",
      "name": "Ashley Family Clinic",
      "type": "Rural Health Clinic",
      "address": "124 Ray Lochala Road",
      "city": "Crossett",
      "county": "Ashley",
      "zip": "71635-4542",
      "latitude": 33.2025,
      "longitude": -91.7879,
      "ruralAreaId": "05003"
    },
    {
      "id": "rhc-4",
      "name": "Ashley Health Services",
      "type": "Rural Health Clinic",
      "address": "1003 Fred Lagrone Drive",
      "city": "Crossett",
      "county": "Ashley",
      "zip": "71635",
      "latitude": 33.2025,
      "longitude": -91.7879,
      "ruralAreaId": "05003"
    },
    {
      "id": "rhc-5",
      "name": "Hamburg Health Clinic",
      "type": "Rural Health Clinic",
      "address": "319 West Parker Street",
      "city": "Hamburg",
      "county": "Ashley",
      "zip": "71646",
      "latitude": 33.2025,
      "longitude": -91.7879,
      "ruralAreaId": "05003"
    },
    {
      "id": "rhc-8",
      "name": "Bradley County Medical Center Family Care Clinic",
      "type": "Rural Health Clinic",
      "address": "304 East Central Street",
      "city": "Warren",
      "county": "Bradley",
      "zip": "71671-0000",
      "latitude": 33.4539,
      "longitude": -92.2401,
      "ruralAreaId": "05011"
    },
    {
      "id": "rhc-9",
      "name": "Lake Village Clinic, PA",
      "type": "Rural Health Clinic",
      "address": "2918 Louis Sessions Street",
      "city": "Lake Village",
      "county": "Chicot",
      "zip": "71653",
      "latitude": 33.2964,
      "longitude": -91.2701,
      "ruralAreaId": "05017"
    },
    {
      "id": "rhc-10",
      "name": "Arkadelphia Clinic for Children & Young Adults, PA",
      "type": "Rural Health Clinic",
      "address": "2850 Twin Rivers Drive",
      "city": "Arkadelphia",
      "county": "Clark",
      "zip": "71923-4212",
      "latitude": 34.0917,
      "longitude": -93.1154,
      "ruralAreaId": "05019"
    },
    {
      "id": "rhc-11",
      "name": "Baptist Health Family Clinic - Gurdon",
      "type": "Rural Health Clinic",
      "address": "200 East Walnut Street",
      "city": "Gurdon",
      "county": "Clark",
      "zip": "71743-2800",
      "latitude": 34.0917,
      "longitude": -93.1154,
      "ruralAreaId": "05019"
    },
    {
      "id": "rhc-12",
      "name": "Baptist Health Family Clinic-Caddo Valley",
      "type": "Rural Health Clinic",
      "address": "10 Montgomery Drive",
      "city": "Caddo Valley",
      "county": "Clark",
      "zip": "71923",
      "latitude": 34.0917,
      "longitude": -93.1154,
      "ruralAreaId": "05019"
    },
    {
      "id": "rhc-13",
      "name": "Family Care Clinic of Rector",
      "type": "Rural Health Clinic",
      "address": "715 East Ninth Street",
      "city": "Rector",
      "county": "Clay",
      "zip": "72461",
      "latitude": 36.3951,
      "longitude": -90.3468,
      "ruralAreaId": "05021"
    },
    {
      "id": "rhc-14",
      "name": "Piggott Family Medical Clinic",
      "type": "Rural Health Clinic",
      "address": "425 West Jackson",
      "city": "Piggott",
      "county": "Clay",
      "zip": "72454",
      "latitude": 36.3951,
      "longitude": -90.3468,
      "ruralAreaId": "05021"
    },
    {
      "id": "rhc-15",
      "name": "AMC AR RHC Concord",
      "type": "Rural Health Clinic",
      "address": "11005 Heber Springs Road North",
      "city": "Concord",
      "county": "Cleburne",
      "zip": "72523-9561",
      "latitude": 35.5267,
      "longitude": -92.0154,
      "ruralAreaId": "05023"
    },
    {
      "id": "rhc-16",
      "name": "AMC AR RHC Heber Springs",
      "type": "Rural Health Clinic",
      "address": "1713 West Main Street",
      "city": "Heber Springs",
      "county": "Cleburne",
      "zip": "72543-2835",
      "latitude": 35.5267,
      "longitude": -92.0154,
      "ruralAreaId": "05023"
    },
    {
      "id": "rhc-17",
      "name": "Baptist Health Family Clinic - Greers Ferry",
      "type": "Rural Health Clinic",
      "address": "8544 Edgemont Road",
      "city": "Greers Ferry",
      "county": "Cleburne",
      "zip": "72067",
      "latitude": 35.5267,
      "longitude": -92.0154,
      "ruralAreaId": "05023"
    },
    {
      "id": "rhc-18",
      "name": "Baptist Health Family Clinic - Heber Springs",
      "type": "Rural Health Clinic",
      "address": "1415 Highway 25B, Suite 3",
      "city": "Heber Springs",
      "county": "Cleburne",
      "zip": "72543-1710",
      "latitude": 35.5267,
      "longitude": -92.0154,
      "ruralAreaId": "05023"
    },
    {
      "id": "rhc-19",
      "name": "Baptist Health Heber Springs Campus Clinic",
      "type": "Rural Health Clinic",
      "address": "1800 By Pass Road",
      "city": "Heber Springs",
      "county": "Cleburne",
      "zip": "72543-9135",
      "latitude": 35.5267,
      "longitude": -92.0154,
      "ruralAreaId": "05023"
    },
    {
      "id": "rhc-20",
      "name": "Drasco Medical Clinic",
      "type": "Rural Health Clinic",
      "address": "60 Greers Ferry Road",
      "city": "Drasco",
      "county": "Cleburne",
      "zip": "72530",
      "latitude": 35.5267,
      "longitude": -92.0154,
      "ruralAreaId": "05023"
    },
    {
      "id": "rhc-21",
      "name": "Access Medical Clinic Arkansas, LLC",
      "type": "Rural Health Clinic",
      "address": "217 North Main Street",
      "city": "Rison",
      "county": "Cleveland",
      "zip": "71665-8858",
      "latitude": 33.8739,
      "longitude": -92.1968,
      "ruralAreaId": "05025"
    },
    {
      "id": "rhc-22",
      "name": "Magnolia Family Medical Clinic",
      "type": "Rural Health Clinic",
      "address": "104 Hospital Drive",
      "city": "Magnolia",
      "county": "Columbia",
      "zip": "71753-2418",
      "latitude": 33.2328,
      "longitude": -93.2088,
      "ruralAreaId": "05027"
    },
    {
      "id": "rhc-23",
      "name": "UAMS Family Medical Clinic-Magnolia",
      "type": "Rural Health Clinic",
      "address": "1617 North Washington",
      "city": "Magnolia",
      "county": "Columbia",
      "zip": "71753-2046",
      "latitude": 33.2328,
      "longitude": -93.2088,
      "ruralAreaId": "05027"
    },
    {
      "id": "rhc-24",
      "name": "Morrilton Medical Clinic, PA",
      "type": "Rural Health Clinic",
      "address": "10 Hospital Drive",
      "city": "Morrilton",
      "county": "Conway",
      "zip": "72110",
      "latitude": 35.2267,
      "longitude": -92.8918,
      "ruralAreaId": "05029"
    },
    {
      "id": "rhc-25",
      "name": "St. Vincent Medical Clinic Morrilton",
      "type": "Rural Health Clinic",
      "address": "1711 East Harding",
      "city": "Morrilton",
      "county": "Conway",
      "zip": "72110",
      "latitude": 35.2267,
      "longitude": -92.8918,
      "ruralAreaId": "05029"
    },
    {
      "id": "rhc-29",
      "name": "Dallas County Medical Center Family Clinic",
      "type": "Rural Health Clinic",
      "address": "201 North Clifton Street",
      "city": "Fordyce",
      "county": "Dallas",
      "zip": "71742",
      "latitude": 33.9556,
      "longitude": -92.6401,
      "ruralAreaId": "05039"
    },
    {
      "id": "rhc-30",
      "name": "Nutt-Walley Clinic of Dallas County Medical Center",
      "type": "Rural Health Clinic",
      "address": "110 North Clinton Street",
      "city": "Fordyce",
      "county": "Dallas",
      "zip": "71742-3025",
      "latitude": 33.9556,
      "longitude": -92.6401,
      "ruralAreaId": "05039"
    },
    {
      "id": "rhc-31",
      "name": "Delta Health Services",
      "type": "Rural Health Clinic",
      "address": "803 Highway 65 South",
      "city": "Dumas",
      "county": "Desha",
      "zip": "71639-0887",
      "latitude": 33.8739,
      "longitude": -91.2701,
      "ruralAreaId": "05041"
    },
    {
      "id": "rhc-32",
      "name": "DePaul Community Health Centers-Dumas",
      "type": "Rural Health Clinic",
      "address": "145 West Waterman Street",
      "city": "Dumas",
      "county": "Desha",
      "zip": "71639-0158",
      "latitude": 33.8739,
      "longitude": -91.2701,
      "ruralAreaId": "05041"
    },
    {
      "id": "rhc-33",
      "name": "McGehee Family Clinic",
      "type": "Rural Health Clinic",
      "address": "1507 South First Street",
      "city": "McGehee",
      "county": "Desha",
      "zip": "71654",
      "latitude": 33.8739,
      "longitude": -91.2701,
      "ruralAreaId": "05041"
    },
    {
      "id": "rhc-40",
      "name": "Access Medical Clinic Arkansas",
      "type": "Rural Health Clinic",
      "address": "106 Highway 62 West",
      "city": "Salem",
      "county": "Fulton",
      "zip": "72576-8059",
      "latitude": 36.3951,
      "longitude": -91.7879,
      "ruralAreaId": "05049"
    },
    {
      "id": "rhc-41",
      "name": "Family Health Care, LLC",
      "type": "Rural Health Clinic",
      "address": "350 South Main, Suite 4",
      "city": "Mammoth Spring",
      "county": "Fulton",
      "zip": "72554",
      "latitude": 36.3951,
      "longitude": -91.7879,
      "ruralAreaId": "05049"
    },
    {
      "id": "rhc-42",
      "name": "Ozarks Healthcare Mammoth Spring",
      "type": "Rural Health Clinic",
      "address": "260 South Main Street",
      "city": "Mammoth Spring",
      "county": "Fulton",
      "zip": "72554",
      "latitude": 36.3951,
      "longitude": -91.7879,
      "ruralAreaId": "05049"
    },
    {
      "id": "rhc-43",
      "name": "Access Medical Clinic Arkansas, LLC",
      "type": "Rural Health Clinic",
      "address": "810 South Rock Street",
      "city": "Sheridan",
      "county": "Grant",
      "zip": "72150-7066",
      "latitude": 34.2328,
      "longitude": -92.4401,
      "ruralAreaId": "05053"
    },
    {
      "id": "rhc-44",
      "name": "Paragould Doctors' Clinic",
      "type": "Rural Health Clinic",
      "address": "4000 Linwood Drive, Suite A",
      "city": "Paragould",
      "county": "Greene",
      "zip": "72450-8894",
      "latitude": 36.1356,
      "longitude": -90.5557,
      "ruralAreaId": "05055"
    },
    {
      "id": "rhc-45",
      "name": "Access Medical Clinic Arkansas, LLC",
      "type": "Rural Health Clinic",
      "address": "405 West 16th Street",
      "city": "Hope",
      "county": "Hempstead",
      "zip": "71801-7104",
      "latitude": 33.7739,
      "longitude": -93.6401,
      "ruralAreaId": "05057"
    },
    {
      "id": "rhc-46",
      "name": "Premier Central Pediatrics",
      "type": "Rural Health Clinic",
      "address": "900 South Main Street",
      "city": "Hope",
      "county": "Hempstead",
      "zip": "71801-8138",
      "latitude": 33.7739,
      "longitude": -93.6401,
      "ruralAreaId": "05057"
    },
    {
      "id": "rhc-47",
      "name": "Wadley Rural Health Clinic at Hope",
      "type": "Rural Health Clinic",
      "address": "302 Bill Clinton Drive",
      "city": "Hope",
      "county": "Hempstead",
      "zip": "71801-8661",
      "latitude": 33.7739,
      "longitude": -93.6401,
      "ruralAreaId": "05057"
    },
    {
      "id": "rhc-48",
      "name": "Baptist Health Family Clinic-Bismark",
      "type": "Rural Health Clinic",
      "address": "6679 Highway 7",
      "city": "Bismark",
      "county": "Hot Spring",
      "zip": "71929-7179",
      "latitude": 34.2917,
      "longitude": -92.8918,
      "ruralAreaId": "05059"
    },
    {
      "id": "rhc-49",
      "name": "Pleasant Plains Medical Clinic",
      "type": "Rural Health Clinic",
      "address": "6200 Batesville Boulevard",
      "city": "Pleasant Plains",
      "county": "Independence",
      "zip": "72568",
      "latitude": 35.7267,
      "longitude": -91.4918,
      "ruralAreaId": "05063"
    },
    {
      "id": "rhc-50",
      "name": "IRH Medical Group-Grasse Family Medicine",
      "type": "Rural Health Clinic",
      "address": "61 Grasse Street",
      "city": "Calico Rock",
      "county": "Izard",
      "zip": "72519",
      "latitude": 36.0967,
      "longitude": -91.9401,
      "ruralAreaId": "05065"
    },
    {
      "id": "rhc-51",
      "name": "Melbourne Medical Clinic",
      "type": "Rural Health Clinic",
      "address": "1526 East Main Street",
      "city": "Melbourne",
      "county": "Izard",
      "zip": "72556",
      "latitude": 36.0967,
      "longitude": -91.9401,
      "ruralAreaId": "05065"
    },
    {
      "id": "rhc-52",
      "name": "Access Medical Clinic Arkansas, LLC",
      "type": "Rural Health Clinic",
      "address": "291 West Main Street",
      "city": "Lamar",
      "county": "Johnson",
      "zip": "72846-8195",
      "latitude": 35.5267,
      "longitude": -93.3918,
      "ruralAreaId": "05071"
    },
    {
      "id": "rhc-53",
      "name": "Access Medical Clinic",
      "type": "Rural Health Clinic",
      "address": "3519 Highway 63",
      "city": "Black Rock",
      "county": "Lawrence",
      "zip": "72415-9022",
      "latitude": 36.0356,
      "longitude": -91.0557,
      "ruralAreaId": "05075"
    },
    {
      "id": "rhc-54",
      "name": "Family Medical Center",
      "type": "Rural Health Clinic",
      "address": "1309 West Main",
      "city": "Walnut Ridge",
      "county": "Lawrence",
      "zip": "72476",
      "latitude": 36.0356,
      "longitude": -91.0557,
      "ruralAreaId": "05075"
    },
    {
      "id": "rhc-55",
      "name": "Lawrence County Family Clinic, PA",
      "type": "Rural Health Clinic",
      "address": "1210 West Main",
      "city": "Walnut Ridge",
      "county": "Lawrence",
      "zip": "72476",
      "latitude": 36.0356,
      "longitude": -91.0557,
      "ruralAreaId": "05075"
    },
    {
      "id": "rhc-56",
      "name": "Strawberry Medical Clinic",
      "type": "Rural Health Clinic",
      "address": "58 East River Drive",
      "city": "Strawberry",
      "county": "Lawrence",
      "zip": "72469",
      "latitude": 36.0356,
      "longitude": -91.0557,
      "ruralAreaId": "05075"
    },
    {
      "id": "rhc-57",
      "name": "MMC Star City Clinic",
      "type": "Rural Health Clinic",
      "address": "201 Fairview Rd. Ste. A",
      "city": "Crossett",
      "county": "Ashley",
      "zip": "71635",
      "latitude": 33.2025,
      "longitude": -91.7879,
      "ruralAreaId": "05003"
    },
    {
      "id": "rhc-58",
      "name": "AMC AR RHC Booneville",
      "type": "Rural Health Clinic",
      "address": "871 West Main Street",
      "city": "Booneville",
      "county": "Logan",
      "zip": "72927-3420",
      "latitude": 35.2267,
      "longitude": -93.6401,
      "ruralAreaId": "05083"
    },
    {
      "id": "rhc-59",
      "name": "Mercy Clinic Primary Care-Booneville",
      "type": "Rural Health Clinic",
      "address": "128 Daniel Avenue",
      "city": "Booneville",
      "county": "Logan",
      "zip": "72927",
      "latitude": 35.2267,
      "longitude": -93.6401,
      "ruralAreaId": "05083"
    },
    {
      "id": "rhc-60",
      "name": "Mercy Hospital Booneville PRIMARY CARE-MAGAZINE",
      "type": "Rural Health Clinic",
      "address": "351 B East Priddy Street",
      "city": "Magazine",
      "county": "Logan",
      "zip": "72943-8503",
      "latitude": 35.2267,
      "longitude": -93.6401,
      "ruralAreaId": "05083"
    },
    {
      "id": "rhc-61",
      "name": "Mercy Hospital Paris",
      "type": "Rural Health Clinic",
      "address": "303 South Fifth Street",
      "city": "Paris",
      "county": "Logan",
      "zip": "72855-4501",
      "latitude": 35.2267,
      "longitude": -93.6401,
      "ruralAreaId": "05083"
    },
    {
      "id": "rhc-64",
      "name": "AMC AR RHC Flippin",
      "type": "Rural Health Clinic",
      "address": "806 East Main Street",
      "city": "Flippin",
      "county": "Marion",
      "zip": "72634-8668",
      "latitude": 36.2967,
      "longitude": -92.6401,
      "ruralAreaId": "05089"
    },
    {
      "id": "rhc-65",
      "name": "Baxter Regional Ahrens Clinic",
      "type": "Rural Health Clinic",
      "address": "414 West Old Main Street",
      "city": "Yellville",
      "county": "Marion",
      "zip": "72687-8284",
      "latitude": 36.2967,
      "longitude": -92.6401,
      "ruralAreaId": "05089"
    },
    {
      "id": "rhc-66",
      "name": "Great River Family Clinic",
      "type": "Rural Health Clinic",
      "address": "1522 North Division Street",
      "city": "Blytheville",
      "county": "Mississippi",
      "zip": "72315-1448",
      "latitude": 35.8356,
      "longitude": -90.1154,
      "ruralAreaId": "05093"
    },
    {
      "id": "rhc-67",
      "name": "Mississippi County Primary Care Physicians Clinic",
      "type": "Rural Health Clinic",
      "address": "602 West Union Avenue",
      "city": "Blytheville",
      "county": "Mississippi",
      "zip": "27370-3014",
      "latitude": 35.8356,
      "longitude": -90.1154,
      "ruralAreaId": "05093"
    },
    {
      "id": "rhc-68",
      "name": "Wagner Medical Clinic",
      "type": "Rural Health Clinic",
      "address": "3644 West Highway 18",
      "city": "Manila",
      "county": "Mississippi",
      "zip": "72442",
      "latitude": 35.8356,
      "longitude": -90.1154,
      "ruralAreaId": "05093"
    },
    {
      "id": "rhc-69",
      "name": "Baptist Health-Family Clinic Brinkley",
      "type": "Rural Health Clinic",
      "address": "110 North New York Street",
      "city": "Brinkley",
      "county": "Monroe",
      "zip": "72021",
      "latitude": 34.7739,
      "longitude": -91.2088,
      "ruralAreaId": "05095"
    },
    {
      "id": "rhc-70",
      "name": "Baptist Health-Family Clinic Clarendon",
      "type": "Rural Health Clinic",
      "address": "198 South Main Street",
      "city": "Clarendon",
      "county": "Monroe",
      "zip": "72029",
      "latitude": 34.7739,
      "longitude": -91.2088,
      "ruralAreaId": "05095"
    },
    {
      "id": "rhc-71",
      "name": "CHI St. Vincent Medical Group Hot Springs",
      "type": "Rural Health Clinic",
      "address": "320 Luzerne",
      "city": "Mt. Ida",
      "county": "Montgomery",
      "zip": "71957-9437",
      "latitude": 34.5017,
      "longitude": -93.6401,
      "ruralAreaId": "05097"
    },
    {
      "id": "rhc-72",
      "name": "Baptist Health Family Clinic-Prescott",
      "type": "Rural Health Clinic",
      "address": "1484 West First Street North #2",
      "city": "Prescott",
      "county": "Nevada",
      "zip": "71857-3339",
      "latitude": 33.7739,
      "longitude": -93.2088,
      "ruralAreaId": "05099"
    },
    {
      "id": "rhc-73",
      "name": "Newton County Family Practice Clinic",
      "type": "Rural Health Clinic",
      "address": "502 West Court Street",
      "city": "Jasper",
      "county": "Newton",
      "zip": "72641",
      "latitude": 35.9967,
      "longitude": -93.1154,
      "ruralAreaId": "05101"
    },
    {
      "id": "rhc-74",
      "name": "Access Medical Clinic Arkansas LLC",
      "type": "Rural Health Clinic",
      "address": "1016 North Fouche Avenue",
      "city": "Perryville",
      "county": "Perry",
      "zip": "72126-7257",
      "latitude": 35.0356,
      "longitude": -92.8918,
      "ruralAreaId": "05105"
    },
    {
      "id": "rhc-75",
      "name": "Bell Clinic, PA",
      "type": "Rural Health Clinic",
      "address": "626 Poplar Street",
      "city": "Helena",
      "county": "Phillips",
      "zip": "72342",
      "latitude": 34.4128,
      "longitude": -90.7043,
      "ruralAreaId": "05107"
    },
    {
      "id": "rhc-76",
      "name": "Pillow Clinic, PLLC",
      "type": "Rural Health Clinic",
      "address": "101 Shirley Hicks Drive",
      "city": "Helena",
      "county": "Phillips",
      "zip": "72342",
      "latitude": 34.4128,
      "longitude": -90.7043,
      "ruralAreaId": "05107"
    },
    {
      "id": "rhc-77",
      "name": "Webber Family Practice",
      "type": "Rural Health Clinic",
      "address": "504 Pecan Street",
      "city": "Helena",
      "county": "Phillips",
      "zip": "72342",
      "latitude": 34.4128,
      "longitude": -90.7043,
      "ruralAreaId": "05107"
    },
    {
      "id": "rhc-78",
      "name": "CHI St. Vincent Medical Group Hot Springs",
      "type": "Rural Health Clinic",
      "address": "234 East Broadway",
      "city": "Glenwood",
      "county": "Pike",
      "zip": "71943-9243",
      "latitude": 34.0917,
      "longitude": -93.6401,
      "ruralAreaId": "05109"
    },
    {
      "id": "rhc-79",
      "name": "CHI St. Vincent Medical Group Hot Springs",
      "type": "Rural Health Clinic",
      "address": "319 East 13th Street",
      "city": "Murfreesboro",
      "county": "Pike",
      "zip": "71958-9541",
      "latitude": 34.0917,
      "longitude": -93.6401,
      "ruralAreaId": "05109"
    },
    {
      "id": "rhc-80",
      "name": "Access Medical Clinic Arkansas",
      "type": "Rural Health Clinic",
      "address": "106 North Van Buren Street",
      "city": "Weiner",
      "county": "Poinsett",
      "zip": "72479",
      "latitude": 35.5967,
      "longitude": -90.7043,
      "ruralAreaId": "05111"
    },
    {
      "id": "rhc-81",
      "name": "Access Medical Clinic-Marked Tree",
      "type": "Rural Health Clinic",
      "address": "202 Newsome Drive",
      "city": "Marked Tree",
      "county": "Poinsett",
      "zip": "72365-2021",
      "latitude": 35.5967,
      "longitude": -90.7043,
      "ruralAreaId": "05111"
    },
    {
      "id": "rhc-82",
      "name": "Mena Medical Associates",
      "type": "Rural Health Clinic",
      "address": "1103 College Drive",
      "city": "Mena",
      "county": "Polk",
      "zip": "71953-2519",
      "latitude": 34.5017,
      "longitude": -94.2701,
      "ruralAreaId": "05113"
    },
    {
      "id": "rhc-83",
      "name": "Baptist Health-Family Clinic Hazen",
      "type": "Rural Health Clinic",
      "address": "102 West Front Street",
      "city": "Hazen",
      "county": "Prairie",
      "zip": "72064",
      "latitude": 34.7739,
      "longitude": -91.4918,
      "ruralAreaId": "05117"
    },
    {
      "id": "rhc-84",
      "name": "Five Rivers Medical Clinic",
      "type": "Rural Health Clinic",
      "address": "153 Country Club Road",
      "city": "Pocahontas",
      "county": "Randolph",
      "zip": "72455-1364",
      "latitude": 36.2967,
      "longitude": -91.0557,
      "ruralAreaId": "05121"
    },
    {
      "id": "rhc-85",
      "name": "Mercy Hospital Scott County Rural Health Clinic",
      "type": "Rural Health Clinic",
      "address": "1341 West Sixth Street",
      "city": "Waldron",
      "county": "Scott",
      "zip": "72958",
      "latitude": 35.1356,
      "longitude": -94.1154,
      "ruralAreaId": "05127"
    },
    {
      "id": "rhc-86",
      "name": "Mercy Hospital Waldron-Mansfield Family Medicine",
      "type": "Rural Health Clinic",
      "address": "100 North Walnut Street, Suite A",
      "city": "Mansfield",
      "county": "Scott",
      "zip": "72944-3522",
      "latitude": 35.1356,
      "longitude": -94.1154,
      "ruralAreaId": "05127"
    },
    {
      "id": "rhc-87",
      "name": "AMC AR RHC Marshall",
      "type": "Rural Health Clinic",
      "address": "942 Highway 65 North",
      "city": "Marshall",
      "county": "Searcy",
      "zip": "72650-7772",
      "latitude": 35.9967,
      "longitude": -92.6401,
      "ruralAreaId": "05129"
    },
    {
      "id": "rhc-88",
      "name": "Access Medical Clinic Hardy",
      "type": "Rural Health Clinic",
      "address": "4196 Highway 62/412, Suite A",
      "city": "Hardy",
      "county": "Sharp",
      "zip": "72542-8002",
      "latitude": 36.1356,
      "longitude": -91.6401,
      "ruralAreaId": "05135"
    },
    {
      "id": "rhc-89",
      "name": "Cave City Medical Clinic",
      "type": "Rural Health Clinic",
      "address": "301 South Main Street",
      "city": "Cave City",
      "county": "Sharp",
      "zip": "72521",
      "latitude": 36.1356,
      "longitude": -91.6401,
      "ruralAreaId": "05135"
    },
    {
      "id": "rhc-90",
      "name": "Fore Family Practice, LLC",
      "type": "Rural Health Clinic",
      "address": "307 North Main Street",
      "city": "Cave City",
      "county": "Sharp",
      "zip": "72521",
      "latitude": 36.1356,
      "longitude": -91.6401,
      "ruralAreaId": "05135"
    },
    {
      "id": "rhc-91",
      "name": "Midway Medical Clinic",
      "type": "Rural Health Clinic",
      "address": "195 Hospital Drive A",
      "city": "Cherokee Village",
      "county": "Sharp",
      "zip": "72529-7330",
      "latitude": 36.1356,
      "longitude": -91.6401,
      "ruralAreaId": "05135"
    },
    {
      "id": "rhc-92",
      "name": "White River Health Family Care",
      "type": "Rural Health Clinic",
      "address": "105 Case Commons Dr",
      "city": "Mountain View",
      "county": "Stone",
      "zip": "72560-5016",
      "latitude": 35.8356,
      "longitude": -92.1154,
      "ruralAreaId": "05137"
    },
    {
      "id": "rhc-93",
      "name": "Access Medical Clinic Arkansas, LLC",
      "type": "Rural Health Clinic",
      "address": "2280 East Main Street",
      "city": "El Dorado",
      "county": "Union",
      "zip": "71730",
      "latitude": 33.2328,
      "longitude": -92.6401,
      "ruralAreaId": "05139"
    },
    {
      "id": "rhc-94",
      "name": "Clinton Medical Clinic",
      "type": "Rural Health Clinic",
      "address": "2526 Highway 65 South, Suite 203",
      "city": "Clinton",
      "county": "Van Buren",
      "zip": "72031",
      "latitude": 35.5967,
      "longitude": -92.3918,
      "ruralAreaId": "05141"
    },
    {
      "id": "rhc-95",
      "name": "Hope Medical Clinic, Inc.",
      "type": "Rural Health Clinic",
      "address": "145 Shakerag Road",
      "city": "Clinton",
      "county": "Van Buren",
      "zip": "72031",
      "latitude": 35.5967,
      "longitude": -92.3918,
      "ruralAreaId": "05141"
    },
    {
      "id": "rhc-96",
      "name": "Ozark Medical and Pediatric Clinic",
      "type": "Rural Health Clinic",
      "address": "390 Factory Road, Suite B",
      "city": "Clinton",
      "county": "Van Buren",
      "zip": "72031-7088",
      "latitude": 35.5967,
      "longitude": -92.3918,
      "ruralAreaId": "05141"
    },
    {
      "id": "rhc-97",
      "name": "Ozark Medical Clinic - Fairfield Bay",
      "type": "Rural Health Clinic",
      "address": "383 Dave Creek Parkway",
      "city": "Fairfield Bay",
      "county": "Van Buren",
      "zip": "72088-3631",
      "latitude": 35.5967,
      "longitude": -92.3918,
      "ruralAreaId": "05141"
    },
    {
      "id": "rhc-99",
      "name": "Access Medical Clinic Dardanelle",
      "type": "Rural Health Clinic",
      "address": "1176 State Highway 22W, Suite B",
      "city": "Dardanelle",
      "county": "Yell",
      "zip": "72834",
      "latitude": 35.1356,
      "longitude": -93.3918,
      "ruralAreaId": "05149"
    },
    {
      "id": "rhc-101",
      "name": "Access Medical Clinic Arkansas, LLC",
      "type": "Rural Health Clinic",
      "address": "9798 Highway 62 West",
      "city": "Viola",
      "county": "Fulton",
      "zip": "72583",
      "latitude": 36.3951,
      "longitude": -91.7879,
      "ruralAreaId": "05049"
    },
    {
      "id": "rhc-102",
      "name": "Southeast Rural Health Clinic",
      "type": "Rural Health Clinic",
      "address": "608 South Highway 65 82",
      "city": "Lake Village",
      "county": "Chicot",
      "zip": "71653",
      "latitude": 33.2964,
      "longitude": -91.2701,
      "ruralAreaId": "05017"
    },
    {
      "id": "rhc-103",
      "name": "Access Medical Clinic Arkansas, LLC",
      "type": "Rural Health Clinic",
      "address": "1308 East Page Avenue",
      "city": "Malvern",
      "county": "Hot Spring",
      "zip": "72104",
      "latitude": 34.2917,
      "longitude": -92.8918,
      "ruralAreaId": "05059"
    },
    {
      "id": "rhc-104",
      "name": "BH Arkadelphis Medical Clinic",
      "type": "Rural Health Clinic",
      "address": "2913 Cypress Road, Suite 100",
      "city": "Arkadelphia",
      "county": "Clark",
      "zip": "71923-4251",
      "latitude": 34.0917,
      "longitude": -93.1154,
      "ruralAreaId": "05019"
    },
    {
      "id": "rhc-105",
      "name": "Access Medical Clinic Arkansas LLC",
      "type": "Rural Health Clinic",
      "address": "444 Taylor Circle",
      "city": "Cave City",
      "county": "Sharp",
      "zip": "72521-9137",
      "latitude": 36.1356,
      "longitude": -91.6401,
      "ruralAreaId": "05135"
    },
    {
      "id": "rhc-106",
      "name": "MMC2",
      "type": "Rural Health Clinic",
      "address": "733 Roberts Drive",
      "city": "Monticello",
      "county": "Drew",
      "zip": "71655",
      "latitude": 33.6017,
      "longitude": -91.7318,
      "ruralAreaId": "05043"
    },
    {
      "id": "rhc-107",
      "name": "Baptist Health Family Clinic - Sparkman",
      "type": "Rural Health Clinic",
      "address": "104 W Taylor Street",
      "city": "Sparkman",
      "county": "Dallas",
      "zip": "71763-8938",
      "latitude": 33.9556,
      "longitude": -92.6401,
      "ruralAreaId": "05039"
    },
    {
      "id": "rhc-108",
      "name": "Access Medical Clinic Arkansas LLC",
      "type": "Rural Health Clinic",
      "address": "704 E Main Ave",
      "city": "Dierks",
      "county": "Howard",
      "zip": "71833-9999",
      "latitude": 34.0917,
      "longitude": -94.1154,
      "ruralAreaId": "05061"
    },
    {
      "id": "rhc-110",
      "name": "Baptist Health Family Clinic - Malvern",
      "type": "Rural Health Clinic",
      "address": "1234 South Main St.",
      "city": "Malvern",
      "county": "Hot Spring",
      "zip": "72104",
      "latitude": 34.2917,
      "longitude": -92.8918,
      "ruralAreaId": "05059"
    },
    {
      "id": "rhc-111",
      "name": "Sugarloaf Medical Clinic",
      "type": "Rural Health Clinic",
      "address": "521 Wilburn Road",
      "city": "Heber Springs",
      "county": "Cleburne",
      "zip": "72543-8714",
      "latitude": 35.5267,
      "longitude": -92.0154,
      "ruralAreaId": "05023"
    },
    {
      "id": "rhc-113",
      "name": "Access Medical Clinic LLC",
      "type": "Rural Health Clinic",
      "address": "901 East Beebe Capps Expressway, Unit B",
      "city": "Searcy",
      "county": "White",
      "zip": "72143-6865",
      "latitude": 35.2917,
      "longitude": -91.7318,
      "ruralAreaId": "05145"
    },
    {
      "id": "rhc-115",
      "name": "Washington Regional Urgent Care",
      "type": "Rural Health Clinic",
      "address": "808 Highway 62 65 N",
      "city": "Harrison",
      "county": "Boone",
      "zip": "72601-2151",
      "latitude": 36.2967,
      "longitude": -93.1154,
      "ruralAreaId": "05009"
    },
    {
      "id": "rhc-116",
      "name": "Access Medical Clinic",
      "type": "Rural Health Clinic",
      "address": "49 Highway 62 412",
      "city": "Ash Flat",
      "county": "Sharp",
      "zip": "72513-9594",
      "latitude": 36.1356,
      "longitude": -91.6401,
      "ruralAreaId": "05135"
    },
    {
      "id": "rhc-117",
      "name": "Urgent Team",
      "type": "Rural Health Clinic",
      "address": "411 Falls Boulevard S",
      "city": "Wynne",
      "county": "Cross",
      "zip": "72936",
      "latitude": 35.2917,
      "longitude": -90.7879,
      "ruralAreaId": "05037"
    },
    {
      "id": "rhc-118",
      "name": "Access Medical Clinic Arkansas LLC",
      "type": "Rural Health Clinic",
      "address": "1805 Highway 71 South",
      "city": "Mena",
      "county": "Polk",
      "zip": "71953",
      "latitude": 34.5017,
      "longitude": -94.2701,
      "ruralAreaId": "05113"
    },
    {
      "id": "rhc-122",
      "name": "White River Health Family Care",
      "type": "Rural Health Clinic",
      "address": "501 Vine Street",
      "city": "Newark",
      "county": "Independence",
      "zip": "72562-9711",
      "latitude": 35.7267,
      "longitude": -91.4918,
      "ruralAreaId": "05063"
    },
    {
      "id": "rhc-123",
      "name": "White River Health Family Care",
      "type": "Rural Health Clinic",
      "address": "409 Virginia Drive",
      "city": "Batesville",
      "county": "Independence",
      "zip": "72501",
      "latitude": 35.7267,
      "longitude": -91.4918,
      "ruralAreaId": "05063"
    },
    {
      "id": "rhc-124",
      "name": "White River Health Family Care",
      "type": "Rural Health Clinic",
      "address": "1217 Batesville Boulevard",
      "city": "Southside",
      "county": "Independence",
      "zip": "72501-8912",
      "latitude": 35.7267,
      "longitude": -91.4918,
      "ruralAreaId": "05063"
    },
    {
      "id": "rhc-125",
      "name": "Access Medical Clinic Arkansas, LLC",
      "type": "Rural Health Clinic",
      "address": "234 Highway 274",
      "city": "Camden",
      "county": "Ouachita",
      "zip": "71701-7109",
      "latitude": 33.6017,
      "longitude": -92.8918,
      "ruralAreaId": "05103"
    },
    {
      "id": "rhc-126",
      "name": "Sherwood Urgent Care",
      "type": "Rural Health Clinic",
      "address": "1547 Harrison Street",
      "city": "Batesville",
      "county": "Independence",
      "zip": "72501-7222",
      "latitude": 35.7267,
      "longitude": -91.4918,
      "ruralAreaId": "05063"
    },
    {
      "id": "rhc-127",
      "name": "Access Medical Clinic Arkansas LLC",
      "type": "Rural Health Clinic",
      "address": "415 Hospital Drive",
      "city": "Camden",
      "county": "Ouachita",
      "zip": "71701-4615",
      "latitude": 33.6017,
      "longitude": -92.8918,
      "ruralAreaId": "05103"
    },
    {
      "id": "rhc-128",
      "name": "Access Medical Clinic Arkansas LLC",
      "type": "Rural Health Clinic",
      "address": "2804 East Race Avenue",
      "city": "Searcy",
      "county": "White",
      "zip": "72143-4776",
      "latitude": 35.2917,
      "longitude": -91.7318,
      "ruralAreaId": "05145"
    },
    {
      "id": "rhc-129",
      "name": "Sherwood Urgent Care",
      "type": "Rural Health Clinic",
      "address": "610 Shepherd Way",
      "city": "Searcy",
      "county": "White",
      "zip": "72143-6873",
      "latitude": 35.2917,
      "longitude": -91.7318,
      "ruralAreaId": "05145"
    },
    {
      "id": "rhc-130",
      "name": "Access Medical Clinic Arkansas LLC",
      "type": "Rural Health Clinic",
      "address": "1624 Pine Street",
      "city": "Arkadelphia",
      "county": "Clark",
      "zip": "71923-4429",
      "latitude": 34.0917,
      "longitude": -93.1154,
      "ruralAreaId": "05019"
    },
    {
      "id": "rhc-131",
      "name": "Access Medical Clinic Arkansas LLC",
      "type": "Rural Health Clinic",
      "address": "122 Southern Drive",
      "city": "Ashdown",
      "county": "Little River",
      "zip": "71822-8668",
      "latitude": 33.6017,
      "longitude": -94.2701,
      "ruralAreaId": "05081"
    },
    {
      "id": "rhc-132",
      "name": "Access Medical Clinic Arkansas LLC",
      "type": "Rural Health Clinic",
      "address": "1607 Highway 62 E",
      "city": "Mountain Home",
      "county": "Baxter",
      "zip": "72653-2714",
      "latitude": 36.3156,
      "longitude": -92.3918,
      "ruralAreaId": "05005"
    },
    {
      "id": "rhc-133",
      "name": "White River Health Family Care",
      "type": "Rural Health Clinic",
      "address": "1215 Sidney Street, Suite 300",
      "city": "Batesville",
      "county": "Independence",
      "zip": "72501-7201",
      "latitude": 35.7267,
      "longitude": -91.4918,
      "ruralAreaId": "05063"
    },
    {
      "id": "rhc-134",
      "name": "White River Health Children's Clinic",
      "type": "Rural Health Clinic",
      "address": "1700 Harrison Street, Suite N",
      "city": "Batesville",
      "county": "Independence",
      "zip": "72501-7315",
      "latitude": 35.7267,
      "longitude": -91.4918,
      "ruralAreaId": "05063"
    },
    {
      "id": "rhc-135",
      "name": "Access Medical Clinic Arkansas LLC",
      "type": "Rural Health Clinic",
      "address": "314 N 18th Street",
      "city": "Ozark",
      "county": "Franklin",
      "zip": "72949-2539",
      "latitude": 35.5267,
      "longitude": -93.8918,
      "ruralAreaId": "05047"
    },
    {
      "id": "rhc-136",
      "name": "Ouachita Valley Family Clinic/A Baptist Health Affiliate",
      "type": "Rural Health Clinic",
      "address": "353 Cash Road SW",
      "city": "Camden",
      "county": "Ouachita",
      "zip": "71701-3704",
      "latitude": 33.6017,
      "longitude": -92.8918,
      "ruralAreaId": "05103"
    },
    {
      "id": "rhc-137",
      "name": "Access Medical Clinic Arkansas LLC",
      "type": "Rural Health Clinic",
      "address": "1583 S Saint Louis St, Suite B",
      "city": "Batesville",
      "county": "Independence",
      "zip": "72501-7627",
      "latitude": 35.7267,
      "longitude": -91.4918,
      "ruralAreaId": "05063"
    },
    {
      "id": "rhc-138",
      "name": "Harmony Health Clinic",
      "type": "Rural Health Clinic",
      "address": "1920 Falls Blvd North",
      "city": "Wynne",
      "county": "Cross",
      "zip": "72396-4027",
      "latitude": 35.2917,
      "longitude": -90.7879,
      "ruralAreaId": "05037"
    },
    {
      "id": "rhc-139",
      "name": "Access Medical Clinic Arkansas LLC",
      "type": "Rural Health Clinic",
      "address": "409 Woodruff Street",
      "city": "Bradley",
      "county": "Lafayette",
      "zip": "71826-8715",
      "latitude": 33.2739,
      "longitude": -93.5557,
      "ruralAreaId": "05073"
    },
    {
      "id": "rhc-140",
      "name": "Marianna Medical Clinic",
      "type": "Rural Health Clinic",
      "address": "15 N. Poplar Street",
      "city": "Marianna",
      "county": "Lee",
      "zip": "72360-2318",
      "latitude": 34.7739,
      "longitude": -90.7879,
      "ruralAreaId": "05077"
    },
    {
      "id": "rhc-141",
      "name": "Helena Medical Clinic",
      "type": "Rural Health Clinic",
      "address": "1803 Martin Luther King Jr Dr, Suite A",
      "city": "Helena",
      "county": "Phillips",
      "zip": "72342-9103",
      "latitude": 34.4128,
      "longitude": -90.7043,
      "ruralAreaId": "05107"
    },
    {
      "id": "rhc-142",
      "name": "Access Medical Clinic Arkansas LLC",
      "type": "Rural Health Clinic",
      "address": "409 S. Rogers Street",
      "city": "Clarksville",
      "county": "Johnson",
      "zip": "72830-3743",
      "latitude": 35.5267,
      "longitude": -93.3918,
      "ruralAreaId": "05071"
    },
    {
      "id": "rhc-143",
      "name": "Access Medical Clinic Arkansas LLC",
      "type": "Rural Health Clinic",
      "address": "476 Hospital Drive, Suite 2",
      "city": "Camden",
      "county": "Ouachita",
      "zip": "71701-4652",
      "latitude": 33.6017,
      "longitude": -92.8918,
      "ruralAreaId": "05103"
    },
    {
      "id": "rhc-144",
      "name": "Access Medical Clinic Arkansas LLC",
      "type": "Rural Health Clinic",
      "address": "1702 Malcolm Avenue",
      "city": "Newport",
      "county": "Jackson",
      "zip": "72112-3624",
      "latitude": 35.5967,
      "longitude": -91.2088,
      "ruralAreaId": "05067"
    },
    {
      "id": "rhc-145",
      "name": "Baptist Health Family Clinic - Sheridan",
      "type": "Rural Health Clinic",
      "address": "21 Opportunity Drive",
      "city": "Sheridan",
      "county": "Grant",
      "zip": "72150-9185",
      "latitude": 34.2328,
      "longitude": -92.4401,
      "ruralAreaId": "05053"
    },
    {
      "id": "rhc-146",
      "name": "Access Medical Clinic Arkansas LLC",
      "type": "Rural Health Clinic",
      "address": "444 Taylor Circle",
      "city": "Cave City",
      "county": "Sharp",
      "zip": "72521-9137",
      "latitude": 36.1356,
      "longitude": -91.6401,
      "ruralAreaId": "05135"
    },
    {
      "id": "rhc-148",
      "name": "Access Medical Clinic Arkansas LLC",
      "type": "Rural Health Clinic",
      "address": "1248 W Keiser Avenue",
      "city": "Osceola",
      "county": "Mississippi",
      "zip": "72370-2917",
      "latitude": 35.8356,
      "longitude": -90.1154,
      "ruralAreaId": "05093"
    },
    {
      "id": "rhc-149",
      "name": "White River Health Family Care",
      "type": "Rural Health Clinic",
      "address": "2200 Malcolm Ave. Suite B",
      "city": "Newport",
      "county": "Jackson",
      "zip": "72112-3697",
      "latitude": 35.5967,
      "longitude": -91.2088,
      "ruralAreaId": "05067"
    },
    {
      "id": "rhc-151",
      "name": "Access Medical Clinic Arkansas LLC",
      "type": "Rural Health Clinic",
      "address": "1000 East Main St.",
      "city": "Blytheville",
      "county": "Mississippi",
      "zip": "72315-2531",
      "latitude": 35.8356,
      "longitude": -90.1154,
      "ruralAreaId": "05093"
    },
    {
      "id": "rhc-152",
      "name": "Southern Grace Healthcare Inc.",
      "type": "Rural Health Clinic",
      "address": "820 S Locust Street",
      "city": "Ashdown",
      "county": "Little River",
      "zip": "71822-4347",
      "latitude": 33.6017,
      "longitude": -94.2701,
      "ruralAreaId": "05081"
    },
    {
      "id": "rhc-153",
      "name": "Fast Pace Health",
      "type": "Rural Health Clinic",
      "address": "1020 Highway 62 E",
      "city": "Mountain Home",
      "county": "Baxter",
      "zip": "72653-3216",
      "latitude": 36.3156,
      "longitude": -92.3918,
      "ruralAreaId": "05005"
    },
    {
      "id": "fqhc-46",
      "name": "Sheridan Clinic",
      "type": "FQHC",
      "address": "506 Little Creek Cut Off Rd",
      "city": "Sheridan",
      "county": "Grant",
      "zip": "72150",
      "latitude": 34.2328,
      "longitude": -92.4401,
      "ruralAreaId": "05053"
    },
    {
      "id": "fqhc-48",
      "name": "Sheridan High School Clinic",
      "type": "FQHC",
      "address": "512 W Church St STE A",
      "city": "Sheridan",
      "county": "Grant",
      "zip": "72150",
      "latitude": 34.2328,
      "longitude": -92.4401,
      "ruralAreaId": "05053"
    },
    {
      "id": "fqhc-49",
      "name": "Healthy Connections- Pinnacle Malvern",
      "type": "FQHC",
      "address": "1003 Schneider Dr",
      "city": "Malvern",
      "county": "Hot Spring",
      "zip": "72104",
      "latitude": 34.2917,
      "longitude": -92.8918,
      "ruralAreaId": "05059"
    },
    {
      "id": "fqhc-50",
      "name": "Healthy Connections - Sheridan",
      "type": "FQHC",
      "address": "1409 S Rock Street  STE D",
      "city": "Sheridan",
      "county": "Grant",
      "zip": "72150",
      "latitude": 34.2328,
      "longitude": -92.4401,
      "ruralAreaId": "05053"
    },
    {
      "id": "fqhc-51",
      "name": "Healthy Connections-Malvern",
      "type": "FQHC",
      "address": "900 Martin Luther King Blvd Ste 200",
      "city": "Malvern",
      "county": "Hot Spring",
      "zip": "72104",
      "latitude": 34.2917,
      "longitude": -92.8918,
      "ruralAreaId": "05059"
    },
    {
      "id": "fqhc-55",
      "name": "ARcare - 077",
      "type": "FQHC",
      "address": "103 Woodlane Dr",
      "city": "Searcy",
      "county": "White",
      "zip": "72143",
      "latitude": 35.2917,
      "longitude": -91.7318,
      "ruralAreaId": "05145"
    },
    {
      "id": "fqhc-56",
      "name": "BMRHC - CLINTON CLINIC",
      "type": "FQHC",
      "address": "465 MEDICAL CENTER PARKWAY",
      "city": "CLINTON",
      "county": "Van Buren",
      "zip": "72031",
      "latitude": 35.5967,
      "longitude": -92.3918,
      "ruralAreaId": "05141"
    },
    {
      "id": "fqhc-57",
      "name": "ARcare - 108",
      "type": "FQHC",
      "address": "123 Central Ave",
      "city": "Searcy",
      "county": "White",
      "zip": "72143",
      "latitude": 35.2917,
      "longitude": -91.7318,
      "ruralAreaId": "05145"
    },
    {
      "id": "fqhc-59",
      "name": "ARcare - 079",
      "type": "FQHC",
      "address": "1600 W Holland Ave STE 202",
      "city": "White Hall",
      "county": "Jefferson",
      "zip": "71602",
      "latitude": 34.2328,
      "longitude": -91.9401,
      "ruralAreaId": "05069"
    },
    {
      "id": "fqhc-60",
      "name": "ARcare - 148",
      "type": "FQHC",
      "address": "1600 West Holland Avenue  STE 101",
      "city": "White Hall",
      "county": "Jefferson",
      "zip": "71602",
      "latitude": 34.2328,
      "longitude": -91.9401,
      "ruralAreaId": "05069"
    },
    {
      "id": "fqhc-61",
      "name": "ARcare-64",
      "type": "FQHC",
      "address": "305 Rodgers Dr",
      "city": "Searcy",
      "county": "White",
      "zip": "72143",
      "latitude": 35.2917,
      "longitude": -91.7318,
      "ruralAreaId": "05145"
    },
    {
      "id": "fqhc-62",
      "name": "ARcare - 75",
      "type": "FQHC",
      "address": "406 Rodgers Dr",
      "city": "Searcy",
      "county": "White",
      "zip": "72143",
      "latitude": 35.2917,
      "longitude": -91.7318,
      "ruralAreaId": "05145"
    },
    {
      "id": "fqhc-64",
      "name": "ARcare - 85",
      "type": "FQHC",
      "address": "1511 Hwy 25B North",
      "city": "Heber Springs",
      "county": "Cleburne",
      "zip": "72543",
      "latitude": 35.5267,
      "longitude": -92.0154,
      "ruralAreaId": "05023"
    },
    {
      "id": "fqhc-66",
      "name": "ARcare - 053",
      "type": "FQHC",
      "address": "700 Golf Course Dr",
      "city": "Searcy",
      "county": "White",
      "zip": "72143",
      "latitude": 35.2917,
      "longitude": -91.7318,
      "ruralAreaId": "05145"
    },
    {
      "id": "fqhc-67",
      "name": "ARcare - 072",
      "type": "FQHC",
      "address": "704 Golf Course Drive",
      "city": "Searcy",
      "county": "White",
      "zip": "72143",
      "latitude": 35.2917,
      "longitude": -91.7318,
      "ruralAreaId": "05145"
    },
    {
      "id": "fqhc-73",
      "name": "ARcare - 40",
      "type": "FQHC",
      "address": "705 Highway 63 N",
      "city": "Hazen",
      "county": "Prairie",
      "zip": "72064",
      "latitude": 34.7739,
      "longitude": -91.4918,
      "ruralAreaId": "05117"
    },
    {
      "id": "fqhc-78",
      "name": "JEFFERSON COMPREHENSIVE CARE SYSTEM, Inc.",
      "type": "FQHC",
      "address": "1101 S Tennessee St",
      "city": "Pine Bluff",
      "county": "Jefferson",
      "zip": "71601",
      "latitude": 34.2328,
      "longitude": -91.9401,
      "ruralAreaId": "05069"
    },
    {
      "id": "fqhc-79",
      "name": "ARcare - 155",
      "type": "FQHC",
      "address": "4747 Dusty Lake Dr",
      "city": "Pine Bluff",
      "county": "Jefferson",
      "zip": "71603",
      "latitude": 34.2328,
      "longitude": -91.9401,
      "ruralAreaId": "05069"
    },
    {
      "id": "fqhc-82",
      "name": "Mid-Delta Health Systems - Stuttgart",
      "type": "FQHC",
      "address": "2022 Buerkle Street",
      "city": "Stuttgart",
      "county": "Arkansas",
      "zip": "72160",
      "latitude": 34.2739,
      "longitude": -91.3468,
      "ruralAreaId": "05001"
    },
    {
      "id": "fqhc-83",
      "name": "HCI-Arkadelphia Clinic",
      "type": "FQHC",
      "address": "301 Professional Park Dr Ste B",
      "city": "Arkadelphia",
      "county": "Clark",
      "zip": "71923",
      "latitude": 34.0917,
      "longitude": -93.1154,
      "ruralAreaId": "05019"
    },
    {
      "id": "fqhc-84",
      "name": "Mid-Delta Health Systems - Mobile Clinic",
      "type": "FQHC",
      "address": "245 Madison St",
      "city": "Clarendon",
      "county": "Monroe",
      "zip": "72029",
      "latitude": 34.7739,
      "longitude": -91.2088,
      "ruralAreaId": "05095"
    },
    {
      "id": "fqhc-85",
      "name": "Mid Delta Health Center",
      "type": "FQHC",
      "address": "245 Madison St",
      "city": "Clarendon",
      "county": "Monroe",
      "zip": "72029",
      "latitude": 34.7739,
      "longitude": -91.2088,
      "ruralAreaId": "05095"
    },
    {
      "id": "fqhc-86",
      "name": "Lamar School District Health Center",
      "type": "FQHC",
      "address": "635 Childers Street",
      "city": "Lamar",
      "county": "Johnson",
      "zip": "72846",
      "latitude": 35.5267,
      "longitude": -93.3918,
      "ruralAreaId": "05071"
    },
    {
      "id": "fqhc-88",
      "name": "Lion's Clinic",
      "type": "FQHC",
      "address": "1117 Eason Rd",
      "city": "Clarendon",
      "county": "Monroe",
      "zip": "72029",
      "latitude": 34.7739,
      "longitude": -91.2088,
      "ruralAreaId": "05095"
    },
    {
      "id": "fqhc-93",
      "name": "Mainline Rison",
      "type": "FQHC",
      "address": "505 Sycamore St",
      "city": "Rison",
      "county": "Cleveland",
      "zip": "71665",
      "latitude": 33.8739,
      "longitude": -92.1968,
      "ruralAreaId": "05025"
    },
    {
      "id": "fqhc-94",
      "name": "Cleveland County School District Health Center",
      "type": "FQHC",
      "address": "700 Main St",
      "city": "Rison",
      "county": "Cleveland",
      "zip": "71665",
      "latitude": 33.8739,
      "longitude": -92.1968,
      "ruralAreaId": "05025"
    },
    {
      "id": "fqhc-96",
      "name": "Clarksville Community Health Center",
      "type": "FQHC",
      "address": "708 W Main St",
      "city": "Clarksville",
      "county": "Johnson",
      "zip": "72830",
      "latitude": 35.5267,
      "longitude": -93.3918,
      "ruralAreaId": "05071"
    },
    {
      "id": "fqhc-97",
      "name": "Clarksville Behavioral Health",
      "type": "FQHC",
      "address": "106 N Hill St",
      "city": "Clarksville",
      "county": "Johnson",
      "zip": "72830",
      "latitude": 35.5267,
      "longitude": -93.3918,
      "ruralAreaId": "05071"
    },
    {
      "id": "fqhc-98",
      "name": "ARcare-70",
      "type": "FQHC",
      "address": "615 N MAIN ST",
      "city": "BRINKLEY",
      "county": "Monroe",
      "zip": "72021",
      "latitude": 34.7739,
      "longitude": -91.2088,
      "ruralAreaId": "05095"
    },
    {
      "id": "fqhc-99",
      "name": "BOSTON MOUNTAIN RURAL HEALTH CENTER",
      "type": "FQHC",
      "address": "2263 HIGHWAY 65 NORTH",
      "city": "MARSHALL",
      "county": "Searcy",
      "zip": "72650",
      "latitude": 35.9967,
      "longitude": -92.6401,
      "ruralAreaId": "05129"
    },
    {
      "id": "fqhc-100",
      "name": "Boston Mountain Rural Health Center - Searcy County School Based Health Center",
      "type": "FQHC",
      "address": "106 Westwood Dr",
      "city": "Marshall",
      "county": "Searcy",
      "zip": "72650",
      "latitude": 35.9967,
      "longitude": -92.6401,
      "ruralAreaId": "05129"
    },
    {
      "id": "fqhc-101",
      "name": "Boston Mountain Rural Health Center-Mt View",
      "type": "FQHC",
      "address": "322 Dogwood Hollow Rd",
      "city": "Mountain View",
      "county": "Stone",
      "zip": "72560",
      "latitude": 35.8356,
      "longitude": -92.1154,
      "ruralAreaId": "05137"
    },
    {
      "id": "fqhc-103",
      "name": "ARcare-41",
      "type": "FQHC",
      "address": "2450 Batesville Blvd",
      "city": "Batesville",
      "county": "Independence",
      "zip": "72501",
      "latitude": 35.7267,
      "longitude": -91.4918,
      "ruralAreaId": "05063"
    },
    {
      "id": "fqhc-113",
      "name": "ARcare - 35",
      "type": "FQHC",
      "address": "1175 Vine St",
      "city": "Batesville",
      "county": "Independence",
      "zip": "72501",
      "latitude": 35.7267,
      "longitude": -91.4918,
      "ruralAreaId": "05063"
    },
    {
      "id": "fqhc-114",
      "name": "ARcare - 028",
      "type": "FQHC",
      "address": "2000 Harrison St Ste D",
      "city": "Batesville",
      "county": "Independence",
      "zip": "72501",
      "latitude": 35.7267,
      "longitude": -91.4918,
      "ruralAreaId": "05063"
    },
    {
      "id": "fqhc-116",
      "name": "Mid-Delta Health Systems, Inc. - DeWitt",
      "type": "FQHC",
      "address": "1940 S Whitehead Dr",
      "city": "Dewitt",
      "county": "Arkansas",
      "zip": "72042",
      "latitude": 34.2739,
      "longitude": -91.3468,
      "ruralAreaId": "05001"
    },
    {
      "id": "fqhc-117",
      "name": "ARcare - 48",
      "type": "FQHC",
      "address": "4100 HARRISON ST",
      "city": "BATESVILLE",
      "county": "Independence",
      "zip": "72501",
      "latitude": 35.7267,
      "longitude": -91.4918,
      "ruralAreaId": "05063"
    },
    {
      "id": "fqhc-122",
      "name": "ARcare - 45",
      "type": "FQHC",
      "address": "114 Ray St",
      "city": "Newport",
      "county": "Jackson",
      "zip": "72112",
      "latitude": 35.5967,
      "longitude": -91.2088,
      "ruralAreaId": "05067"
    },
    {
      "id": "fqhc-124",
      "name": "ARcare-100",
      "type": "FQHC",
      "address": "54 TATE SPRINGS RD",
      "city": "MELBOURNE",
      "county": "Izard",
      "zip": "72556",
      "latitude": 36.0967,
      "longitude": -91.9401,
      "ruralAreaId": "05065"
    },
    {
      "id": "fqhc-126",
      "name": "Boston Mountain Rural Health Center - Jasper School Based Health Center",
      "type": "FQHC",
      "address": "609 W Clark St",
      "city": "Jasper",
      "county": "Newton",
      "zip": "72641",
      "latitude": 35.9967,
      "longitude": -93.1154,
      "ruralAreaId": "05101"
    },
    {
      "id": "fqhc-128",
      "name": "Warren High School Clinic",
      "type": "FQHC",
      "address": "931 N. Myrtle  BLDG D",
      "city": "Warren",
      "county": "Bradley",
      "zip": "71671",
      "latitude": 33.4539,
      "longitude": -92.2401,
      "ruralAreaId": "05011"
    },
    {
      "id": "fqhc-129",
      "name": "Warren Elementary School Clinic",
      "type": "FQHC",
      "address": "2018 Lady Jack Drive",
      "city": "Warren",
      "county": "Bradley",
      "zip": "71671",
      "latitude": 33.4539,
      "longitude": -92.2401,
      "ruralAreaId": "05011"
    },
    {
      "id": "fqhc-130",
      "name": "Mainline Health Systems, Inc.-Warren 2",
      "type": "FQHC",
      "address": "1012 E Church St Ste B",
      "city": "Warren",
      "county": "Bradley",
      "zip": "71671",
      "latitude": 33.4539,
      "longitude": -92.2401,
      "ruralAreaId": "05011"
    },
    {
      "id": "fqhc-131",
      "name": "Boston Mountain Rural Health Center, Inc",
      "type": "FQHC",
      "address": "319 Highway 14 S",
      "city": "Yellville",
      "county": "Marion",
      "zip": "72687",
      "latitude": 36.2967,
      "longitude": -92.6401,
      "ruralAreaId": "05089"
    },
    {
      "id": "fqhc-132",
      "name": "Forrest City School District Health and Wellness",
      "type": "FQHC",
      "address": "801 Deadrick Rd",
      "city": "Forrest City",
      "county": "St. Francis",
      "zip": "72335",
      "latitude": 34.9556,
      "longitude": -90.7879,
      "ruralAreaId": "05123"
    },
    {
      "id": "fqhc-134",
      "name": "Mobile Van #1",
      "type": "FQHC",
      "address": "530 Atkins Blvd",
      "city": "Marianna",
      "county": "Lee",
      "zip": "72360",
      "latitude": 34.7739,
      "longitude": -90.7879,
      "ruralAreaId": "05077"
    },
    {
      "id": "fqhc-135",
      "name": "Lee County Cooperative Clinic dba Olly Neal Community Health Center",
      "type": "FQHC",
      "address": "558 Atkins Blvd",
      "city": "Marianna",
      "county": "Lee",
      "zip": "72360",
      "latitude": 34.7739,
      "longitude": -90.7879,
      "ruralAreaId": "05077"
    },
    {
      "id": "fqhc-136",
      "name": "Waldron Family Clinic",
      "type": "FQHC",
      "address": "2074 Rice St",
      "city": "Waldron",
      "county": "Scott",
      "zip": "72958",
      "latitude": 35.1356,
      "longitude": -94.1154,
      "ruralAreaId": "05127"
    },
    {
      "id": "fqhc-137",
      "name": "Mainline Health Systems, Inc. Specialty Services",
      "type": "FQHC",
      "address": "342 Highway 425 S",
      "city": "Monticello",
      "county": "Drew",
      "zip": "71655",
      "latitude": 33.6017,
      "longitude": -91.7318,
      "ruralAreaId": "05043"
    },
    {
      "id": "fqhc-138",
      "name": "ARcare - 60",
      "type": "FQHC",
      "address": "601 JULIA AVE E",
      "city": "WYNNE",
      "county": "Cross",
      "zip": "72396",
      "latitude": 35.2917,
      "longitude": -90.7879,
      "ruralAreaId": "05037"
    },
    {
      "id": "fqhc-139",
      "name": "ARcare-074",
      "type": "FQHC",
      "address": "305 S Falls Blvd",
      "city": "Wynne",
      "county": "Cross",
      "zip": "72396",
      "latitude": 35.2917,
      "longitude": -90.7879,
      "ruralAreaId": "05037"
    },
    {
      "id": "fqhc-140",
      "name": "Monticello Community Health Center",
      "type": "FQHC",
      "address": "535 Jordan Dr",
      "city": "Monticello",
      "county": "Drew",
      "zip": "71655",
      "latitude": 33.6017,
      "longitude": -91.7318,
      "ruralAreaId": "05043"
    },
    {
      "id": "fqhc-141",
      "name": "Mainline UAM",
      "type": "FQHC",
      "address": "136 University Ct",
      "city": "Monticello",
      "county": "Drew",
      "zip": "71655",
      "latitude": 33.6017,
      "longitude": -91.7318,
      "ruralAreaId": "05043"
    },
    {
      "id": "fqhc-142",
      "name": "Mainline UAM Behavioral Health",
      "type": "FQHC",
      "address": "517 University Dr",
      "city": "Monticello",
      "county": "Drew",
      "zip": "71655",
      "latitude": 33.6017,
      "longitude": -91.7318,
      "ruralAreaId": "05043"
    },
    {
      "id": "fqhc-144",
      "name": "Drew Central School District",
      "type": "FQHC",
      "address": "250 University Drive",
      "city": "Monticello",
      "county": "Drew",
      "zip": "71655",
      "latitude": 33.6017,
      "longitude": -91.7318,
      "ruralAreaId": "05043"
    },
    {
      "id": "fqhc-149",
      "name": "Boston Mountain Rural Health Center - Mountain Home",
      "type": "FQHC",
      "address": "444 Hospital Dr",
      "city": "Mountain Home",
      "county": "Baxter",
      "zip": "72653",
      "latitude": 36.3156,
      "longitude": -92.3918,
      "ruralAreaId": "05005"
    },
    {
      "id": "fqhc-150",
      "name": "Boston Mountain Rural Health Center, Harrison",
      "type": "FQHC",
      "address": "1002 N Spring St",
      "city": "Harrison",
      "county": "Boone",
      "zip": "72601",
      "latitude": 36.2967,
      "longitude": -93.1154,
      "ruralAreaId": "05009"
    },
    {
      "id": "fqhc-154",
      "name": "ARcare - 137",
      "type": "FQHC",
      "address": "1301 Highway 62 E",
      "city": "Mountain Home",
      "county": "Baxter",
      "zip": "72653",
      "latitude": 36.3156,
      "longitude": -92.3918,
      "ruralAreaId": "05005"
    },
    {
      "id": "fqhc-156",
      "name": "Healthy Connections- Mobile Medical Unit",
      "type": "FQHC",
      "address": "136 Health Park Ln",
      "city": "MENA",
      "county": "Polk",
      "zip": "71953",
      "latitude": 34.5017,
      "longitude": -94.2701,
      "ruralAreaId": "05113"
    },
    {
      "id": "fqhc-157",
      "name": "Healthy Connections, Inc.",
      "type": "FQHC",
      "address": "136 Healthpark Lane",
      "city": "Mena",
      "county": "Polk",
      "zip": "71953",
      "latitude": 34.5017,
      "longitude": -94.2701,
      "ruralAreaId": "05113"
    },
    {
      "id": "fqhc-158",
      "name": "1st Choice Healthcare Salem",
      "type": "FQHC",
      "address": "172 Hwy 62 and 412",
      "city": "Salem",
      "county": "Fulton",
      "zip": "72576",
      "latitude": 36.3951,
      "longitude": -91.7879,
      "ruralAreaId": "05049"
    },
    {
      "id": "fqhc-160",
      "name": "Hope Family Practice Center",
      "type": "FQHC",
      "address": "820 S Main St",
      "city": "Hope",
      "county": "Hempstead",
      "zip": "71801",
      "latitude": 33.7739,
      "longitude": -93.6401,
      "ruralAreaId": "05057"
    },
    {
      "id": "fqhc-162",
      "name": "Helena Family Health Center",
      "type": "FQHC",
      "address": "513 Porter",
      "city": "Helena",
      "county": "Phillips",
      "zip": "72342",
      "latitude": 34.4128,
      "longitude": -90.7043,
      "ruralAreaId": "05107"
    },
    {
      "id": "fqhc-163",
      "name": "HOPE High School SBHC",
      "type": "FQHC",
      "address": "200 E 18th St",
      "city": "Hope",
      "county": "Hempstead",
      "zip": "71801",
      "latitude": 33.7739,
      "longitude": -93.6401,
      "ruralAreaId": "05057"
    },
    {
      "id": "fqhc-183",
      "name": "1st Choice Healthcare Walnut Ridge",
      "type": "FQHC",
      "address": "201 Colonial Drive",
      "city": "Walnut Ridge",
      "county": "Lawrence",
      "zip": "72476",
      "latitude": 36.0356,
      "longitude": -91.0557,
      "ruralAreaId": "05075"
    },
    {
      "id": "fqhc-190",
      "name": "El Dorado School Based Health Center",
      "type": "FQHC",
      "address": "601 Martin Luther King Ave Ste A",
      "city": "El Dorado",
      "county": "Union",
      "zip": "71730",
      "latitude": 33.2328,
      "longitude": -92.6401,
      "ruralAreaId": "05139"
    },
    {
      "id": "fqhc-201",
      "name": "Mainline Health Magnolia Clinic",
      "type": "FQHC",
      "address": "1617 N Washington",
      "city": "Magnolia",
      "county": "Columbia",
      "zip": "71753",
      "latitude": 33.2328,
      "longitude": -93.2088,
      "ruralAreaId": "05027"
    },
    {
      "id": "fqhc-202",
      "name": "Boston Mountain Rural Health Center - Berryville",
      "type": "FQHC",
      "address": "1008 W Trimble Ave",
      "city": "Berryville",
      "county": "Carroll",
      "zip": "72616",
      "latitude": 36.3967,
      "longitude": -93.5488,
      "ruralAreaId": "05015"
    },
    {
      "id": "fqhc-204",
      "name": "Noble/Allbritton Elementary School Based Clinic",
      "type": "FQHC",
      "address": "206 N Barlett St",
      "city": "Hamburg",
      "county": "Ashley",
      "zip": "71646",
      "latitude": 33.2025,
      "longitude": -91.7879,
      "ruralAreaId": "05003"
    },
    {
      "id": "fqhc-206",
      "name": "Hamburg Middle School-SBHC",
      "type": "FQHC",
      "address": "1109 Cub Drive",
      "city": "Hamburg",
      "county": "Ashley",
      "zip": "71646",
      "latitude": 33.2025,
      "longitude": -91.7879,
      "ruralAreaId": "05003"
    },
    {
      "id": "fqhc-207",
      "name": "Hamburg High School School Based Clinic",
      "type": "FQHC",
      "address": "1119 S Main St",
      "city": "Hamburg",
      "county": "Ashley",
      "zip": "71646",
      "latitude": 33.2025,
      "longitude": -91.7879,
      "ruralAreaId": "05003"
    },
    {
      "id": "fqhc-211",
      "name": "Healthy Connections-DeQueen Clinic",
      "type": "FQHC",
      "address": "1206 W Collin Raye Dr",
      "city": "De Queen",
      "county": "Sevier",
      "zip": "71832",
      "latitude": 34.0917,
      "longitude": -94.3918,
      "ruralAreaId": "05133"
    },
    {
      "id": "fqhc-213",
      "name": "1st Choice Healthcare Pocahontas",
      "type": "FQHC",
      "address": "1016 McQuay Ave",
      "city": "Pocahontas",
      "county": "Randolph",
      "zip": "72455",
      "latitude": 36.2967,
      "longitude": -91.0557,
      "ruralAreaId": "05121"
    },
    {
      "id": "fqhc-215",
      "name": "Boston Mountain Rural Health Center - Eureka Springs",
      "type": "FQHC",
      "address": "4004 E Van Buren",
      "city": "Eureka Springs",
      "county": "Carroll",
      "zip": "72632",
      "latitude": 36.3967,
      "longitude": -93.5488,
      "ruralAreaId": "05015"
    },
    {
      "id": "fqhc-228",
      "name": "Lakeside School",
      "type": "FQHC",
      "address": "360 A Highway 82",
      "city": "Lake Village",
      "county": "Chicot",
      "zip": "71653",
      "latitude": 33.2964,
      "longitude": -91.2701,
      "ruralAreaId": "05017"
    },
    {
      "id": "fqhc-233",
      "name": "Mainline Health Women's Clinic Lake Village",
      "type": "FQHC",
      "address": "2729 US-65",
      "city": "Lake Village",
      "county": "Chicot",
      "zip": "71653",
      "latitude": 33.2964,
      "longitude": -91.2701,
      "ruralAreaId": "05017"
    },
    {
      "id": "fqhc-263",
      "name": "1st Choice Healthcare Paragould",
      "type": "FQHC",
      "address": "1 Medical Dr",
      "city": "Paragould",
      "county": "Greene",
      "zip": "72450",
      "latitude": 36.1356,
      "longitude": -90.5557,
      "ruralAreaId": "05055"
    },
    {
      "id": "fqhc-330",
      "name": "AARON E. HENRY - BATESVILLE AMBULATORY CARE CLINIC",
      "type": "FQHC",
      "address": "216 Highway 51  N",
      "city": "Batesville",
      "county": "Independence",
      "zip": "38606",
      "latitude": 35.7267,
      "longitude": -91.4918,
      "ruralAreaId": "05063"
    },
    {
      "id": "fqhc-362",
      "name": "MISSOURI OZARKS COMMUNITY HEALTH",
      "type": "FQHC",
      "address": "804 N HIGHWAY 5",
      "city": "MANSFIELD",
      "county": "Scott",
      "zip": "65704",
      "latitude": 35.1356,
      "longitude": -94.1154,
      "ruralAreaId": "05127"
    },
    {
      "id": "fqhc-392",
      "name": "Healthy Partners",
      "type": "FQHC",
      "address": "605 N 2nd St",
      "city": "Blytheville",
      "county": "Mississippi",
      "zip": "72315",
      "latitude": 35.8356,
      "longitude": -90.1154,
      "ruralAreaId": "05093"
    }
  ],
  "summary": {
    "totalFacilities": 266,
    "ruralHospitals": 55,
    "ruralFQHCs": 80,
    "ruralHealthClinics": 131,
    "uniqueRuralCounties": 59
  },
  "ruralAreas": [
    {
      "id": "05001",
      "countyName": "Arkansas County",
      "state": "AR",
      "fipsCode": "05001",
      "isRural": true,
      "eligibility": "Fully FORHP Rural"
    },
    {
      "id": "05003",
      "countyName": "Ashley County",
      "state": "AR",
      "fipsCode": "05003",
      "isRural": true,
      "eligibility": "Fully FORHP Rural"
    },
    {
      "id": "05005",
      "countyName": "Baxter County",
      "state": "AR",
      "fipsCode": "05005",
      "isRural": true,
      "eligibility": "Fully FORHP Rural"
    },
    {
      "id": "05007",
      "countyName": "Benton County",
      "state": "AR",
      "fipsCode": "05007",
      "isRural": false,
      "eligibility": "Not Fully FORHP Rural"
    },
    {
      "id": "05009",
      "countyName": "Boone County",
      "state": "AR",
      "fipsCode": "05009",
      "isRural": true,
      "eligibility": "Fully FORHP Rural"
    },
    {
      "id": "05011",
      "countyName": "Bradley County",
      "state": "AR",
      "fipsCode": "05011",
      "isRural": true,
      "eligibility": "Fully FORHP Rural"
    },
    {
      "id": "05013",
      "countyName": "Calhoun County",
      "state": "AR",
      "fipsCode": "05013",
      "isRural": true,
      "eligibility": "Fully FORHP Rural"
    },
    {
      "id": "05015",
      "countyName": "Carroll County",
      "state": "AR",
      "fipsCode": "05015",
      "isRural": true,
      "eligibility": "Fully FORHP Rural"
    },
    {
      "id": "05017",
      "countyName": "Chicot County",
      "state": "AR",
      "fipsCode": "05017",
      "isRural": true,
      "eligibility": "Fully FORHP Rural"
    },
    {
      "id": "05019",
      "countyName": "Clark County",
      "state": "AR",
      "fipsCode": "05019",
      "isRural": true,
      "eligibility": "Fully FORHP Rural"
    },
    {
      "id": "05021",
      "countyName": "Clay County",
      "state": "AR",
      "fipsCode": "05021",
      "isRural": true,
      "eligibility": "Fully FORHP Rural"
    },
    {
      "id": "05023",
      "countyName": "Cleburne County",
      "state": "AR",
      "fipsCode": "05023",
      "isRural": true,
      "eligibility": "Fully FORHP Rural"
    },
    {
      "id": "05025",
      "countyName": "Cleveland County",
      "state": "AR",
      "fipsCode": "05025",
      "isRural": true,
      "eligibility": "Fully FORHP Rural"
    },
    {
      "id": "05027",
      "countyName": "Columbia County",
      "state": "AR",
      "fipsCode": "05027",
      "isRural": true,
      "eligibility": "Fully FORHP Rural"
    },
    {
      "id": "05029",
      "countyName": "Conway County",
      "state": "AR",
      "fipsCode": "05029",
      "isRural": true,
      "eligibility": "Fully FORHP Rural"
    },
    {
      "id": "05031",
      "countyName": "Craighead County",
      "state": "AR",
      "fipsCode": "05031",
      "isRural": false,
      "eligibility": "Not Fully FORHP Rural"
    },
    {
      "id": "05033",
      "countyName": "Crawford County",
      "state": "AR",
      "fipsCode": "05033",
      "isRural": false,
      "eligibility": "Not Fully FORHP Rural"
    },
    {
      "id": "05035",
      "countyName": "Crittenden County",
      "state": "AR",
      "fipsCode": "05035",
      "isRural": false,
      "eligibility": "Not Fully FORHP Rural"
    },
    {
      "id": "05037",
      "countyName": "Cross County",
      "state": "AR",
      "fipsCode": "05037",
      "isRural": true,
      "eligibility": "Fully FORHP Rural"
    },
    {
      "id": "05039",
      "countyName": "Dallas County",
      "state": "AR",
      "fipsCode": "05039",
      "isRural": true,
      "eligibility": "Fully FORHP Rural"
    },
    {
      "id": "05041",
      "countyName": "Desha County",
      "state": "AR",
      "fipsCode": "05041",
      "isRural": true,
      "eligibility": "Fully FORHP Rural"
    },
    {
      "id": "05043",
      "countyName": "Drew County",
      "state": "AR",
      "fipsCode": "05043",
      "isRural": true,
      "eligibility": "Fully FORHP Rural"
    },
    {
      "id": "05045",
      "countyName": "Faulkner County",
      "state": "AR",
      "fipsCode": "05045",
      "isRural": false,
      "eligibility": "Not Fully FORHP Rural"
    },
    {
      "id": "05047",
      "countyName": "Franklin County",
      "state": "AR",
      "fipsCode": "05047",
      "isRural": true,
      "eligibility": "Fully FORHP Rural"
    },
    {
      "id": "05049",
      "countyName": "Fulton County",
      "state": "AR",
      "fipsCode": "05049",
      "isRural": true,
      "eligibility": "Fully FORHP Rural"
    },
    {
      "id": "05051",
      "countyName": "Garland County",
      "state": "AR",
      "fipsCode": "05051",
      "isRural": false,
      "eligibility": "Not Fully FORHP Rural"
    },
    {
      "id": "05053",
      "countyName": "Grant County",
      "state": "AR",
      "fipsCode": "05053",
      "isRural": true,
      "eligibility": "Fully FORHP Rural"
    },
    {
      "id": "05055",
      "countyName": "Greene County",
      "state": "AR",
      "fipsCode": "05055",
      "isRural": true,
      "eligibility": "Fully FORHP Rural"
    },
    {
      "id": "05057",
      "countyName": "Hempstead County",
      "state": "AR",
      "fipsCode": "05057",
      "isRural": true,
      "eligibility": "Fully FORHP Rural"
    },
    {
      "id": "05059",
      "countyName": "Hot Spring County",
      "state": "AR",
      "fipsCode": "05059",
      "isRural": true,
      "eligibility": "Fully FORHP Rural"
    },
    {
      "id": "05061",
      "countyName": "Howard County",
      "state": "AR",
      "fipsCode": "05061",
      "isRural": true,
      "eligibility": "Fully FORHP Rural"
    },
    {
      "id": "05063",
      "countyName": "Independence County",
      "state": "AR",
      "fipsCode": "05063",
      "isRural": true,
      "eligibility": "Fully FORHP Rural"
    },
    {
      "id": "05065",
      "countyName": "Izard County",
      "state": "AR",
      "fipsCode": "05065",
      "isRural": true,
      "eligibility": "Fully FORHP Rural"
    },
    {
      "id": "05067",
      "countyName": "Jackson County",
      "state": "AR",
      "fipsCode": "05067",
      "isRural": true,
      "eligibility": "Fully FORHP Rural"
    },
    {
      "id": "05069",
      "countyName": "Jefferson County",
      "state": "AR",
      "fipsCode": "05069",
      "isRural": true,
      "eligibility": "Fully FORHP Rural"
    },
    {
      "id": "05071",
      "countyName": "Johnson County",
      "state": "AR",
      "fipsCode": "05071",
      "isRural": true,
      "eligibility": "Fully FORHP Rural"
    },
    {
      "id": "05073",
      "countyName": "Lafayette County",
      "state": "AR",
      "fipsCode": "05073",
      "isRural": true,
      "eligibility": "Fully FORHP Rural"
    },
    {
      "id": "05075",
      "countyName": "Lawrence County",
      "state": "AR",
      "fipsCode": "05075",
      "isRural": true,
      "eligibility": "Fully FORHP Rural"
    },
    {
      "id": "05077",
      "countyName": "Lee County",
      "state": "AR",
      "fipsCode": "05077",
      "isRural": true,
      "eligibility": "Fully FORHP Rural"
    },
    {
      "id": "05079",
      "countyName": "Lincoln County",
      "state": "AR",
      "fipsCode": "05079",
      "isRural": true,
      "eligibility": "Fully FORHP Rural"
    },
    {
      "id": "05081",
      "countyName": "Little River County",
      "state": "AR",
      "fipsCode": "05081",
      "isRural": true,
      "eligibility": "Fully FORHP Rural"
    },
    {
      "id": "05083",
      "countyName": "Logan County",
      "state": "AR",
      "fipsCode": "05083",
      "isRural": true,
      "eligibility": "Fully FORHP Rural"
    },
    {
      "id": "05085",
      "countyName": "Lonoke County",
      "state": "AR",
      "fipsCode": "05085",
      "isRural": false,
      "eligibility": "Not Fully FORHP Rural"
    },
    {
      "id": "05087",
      "countyName": "Madison County",
      "state": "AR",
      "fipsCode": "05087",
      "isRural": true,
      "eligibility": "Fully FORHP Rural"
    },
    {
      "id": "05089",
      "countyName": "Marion County",
      "state": "AR",
      "fipsCode": "05089",
      "isRural": true,
      "eligibility": "Fully FORHP Rural"
    },
    {
      "id": "05091",
      "countyName": "Miller County",
      "state": "AR",
      "fipsCode": "05091",
      "isRural": false,
      "eligibility": "Not Fully FORHP Rural"
    },
    {
      "id": "05093",
      "countyName": "Mississippi County",
      "state": "AR",
      "fipsCode": "05093",
      "isRural": true,
      "eligibility": "Fully FORHP Rural"
    },
    {
      "id": "05095",
      "countyName": "Monroe County",
      "state": "AR",
      "fipsCode": "05095",
      "isRural": true,
      "eligibility": "Fully FORHP Rural"
    },
    {
      "id": "05097",
      "countyName": "Montgomery County",
      "state": "AR",
      "fipsCode": "05097",
      "isRural": true,
      "eligibility": "Fully FORHP Rural"
    },
    {
      "id": "05099",
      "countyName": "Nevada County",
      "state": "AR",
      "fipsCode": "05099",
      "isRural": true,
      "eligibility": "Fully FORHP Rural"
    },
    {
      "id": "05101",
      "countyName": "Newton County",
      "state": "AR",
      "fipsCode": "05101",
      "isRural": true,
      "eligibility": "Fully FORHP Rural"
    },
    {
      "id": "05103",
      "countyName": "Ouachita County",
      "state": "AR",
      "fipsCode": "05103",
      "isRural": true,
      "eligibility": "Fully FORHP Rural"
    },
    {
      "id": "05105",
      "countyName": "Perry County",
      "state": "AR",
      "fipsCode": "05105",
      "isRural": true,
      "eligibility": "Fully FORHP Rural"
    },
    {
      "id": "05107",
      "countyName": "Phillips County",
      "state": "AR",
      "fipsCode": "05107",
      "isRural": true,
      "eligibility": "Fully FORHP Rural"
    },
    {
      "id": "05109",
      "countyName": "Pike County",
      "state": "AR",
      "fipsCode": "05109",
      "isRural": true,
      "eligibility": "Fully FORHP Rural"
    },
    {
      "id": "05111",
      "countyName": "Poinsett County",
      "state": "AR",
      "fipsCode": "05111",
      "isRural": true,
      "eligibility": "Fully FORHP Rural"
    },
    {
      "id": "05113",
      "countyName": "Polk County",
      "state": "AR",
      "fipsCode": "05113",
      "isRural": true,
      "eligibility": "Fully FORHP Rural"
    },
    {
      "id": "05115",
      "countyName": "Pope County",
      "state": "AR",
      "fipsCode": "05115",
      "isRural": true,
      "eligibility": "Fully FORHP Rural"
    },
    {
      "id": "05117",
      "countyName": "Prairie County",
      "state": "AR",
      "fipsCode": "05117",
      "isRural": true,
      "eligibility": "Fully FORHP Rural"
    },
    {
      "id": "05119",
      "countyName": "Pulaski County",
      "state": "AR",
      "fipsCode": "05119",
      "isRural": false,
      "eligibility": "Not Fully FORHP Rural"
    },
    {
      "id": "05121",
      "countyName": "Randolph County",
      "state": "AR",
      "fipsCode": "05121",
      "isRural": true,
      "eligibility": "Fully FORHP Rural"
    },
    {
      "id": "05123",
      "countyName": "St. Francis County",
      "state": "AR",
      "fipsCode": "05123",
      "isRural": true,
      "eligibility": "Fully FORHP Rural"
    },
    {
      "id": "05125",
      "countyName": "Saline County",
      "state": "AR",
      "fipsCode": "05125",
      "isRural": false,
      "eligibility": "Not Fully FORHP Rural"
    },
    {
      "id": "05127",
      "countyName": "Scott County",
      "state": "AR",
      "fipsCode": "05127",
      "isRural": true,
      "eligibility": "Fully FORHP Rural"
    },
    {
      "id": "05129",
      "countyName": "Searcy County",
      "state": "AR",
      "fipsCode": "05129",
      "isRural": true,
      "eligibility": "Fully FORHP Rural"
    },
    {
      "id": "05131",
      "countyName": "Sebastian County",
      "state": "AR",
      "fipsCode": "05131",
      "isRural": false,
      "eligibility": "Not Fully FORHP Rural"
    },
    {
      "id": "05133",
      "countyName": "Sevier County",
      "state": "AR",
      "fipsCode": "05133",
      "isRural": true,
      "eligibility": "Fully FORHP Rural"
    },
    {
      "id": "05135",
      "countyName": "Sharp County",
      "state": "AR",
      "fipsCode": "05135",
      "isRural": true,
      "eligibility": "Fully FORHP Rural"
    },
    {
      "id": "05137",
      "countyName": "Stone County",
      "state": "AR",
      "fipsCode": "05137",
      "isRural": true,
      "eligibility": "Fully FORHP Rural"
    },
    {
      "id": "05139",
      "countyName": "Union County",
      "state": "AR",
      "fipsCode": "05139",
      "isRural": true,
      "eligibility": "Fully FORHP Rural"
    },
    {
      "id": "05141",
      "countyName": "Van Buren County",
      "state": "AR",
      "fipsCode": "05141",
      "isRural": true,
      "eligibility": "Fully FORHP Rural"
    },
    {
      "id": "05143",
      "countyName": "Washington County",
      "state": "AR",
      "fipsCode": "05143",
      "isRural": false,
      "eligibility": "Not Fully FORHP Rural"
    },
    {
      "id": "05145",
      "countyName": "White County",
      "state": "AR",
      "fipsCode": "05145",
      "isRural": true,
      "eligibility": "Fully FORHP Rural"
    },
    {
      "id": "05147",
      "countyName": "Woodruff County",
      "state": "AR",
      "fipsCode": "05147",
      "isRural": true,
      "eligibility": "Fully FORHP Rural"
    },
    {
      "id": "05149",
      "countyName": "Yell County",
      "state": "AR",
      "fipsCode": "05149",
      "isRural": true,
      "eligibility": "Fully FORHP Rural"
    }
  ]
}